amusement,0.84,0.25,0.61,0.36
amusement,0.21,0.59,0.01,0.13
amusement,0.36,0.51,0.64,0.58
amusement,0.26,0.65,0.12,0.45
amusement,0.38,0.49,0.27,0.07
amusement,0.77,0.26,0.29,0.47
amusement,0.22,0.56,0.48,0.15
amusement,0.45,0.48,0.2,0.21
amusement,0.68,0.7,0.71,0.04
amusement,0.45,0.25,0.6,0.4
amusement,0.28,0.38,0.42,0.37
amusement,0.18,0.8,0.19,0.3
amusement,0.24,0.2,0.48,0.43
amusement,0.75,0.57,0.47,0.57
amusement,0.38,0.64,0.6,0.31
amusement,0.83,0.53,0.47,0.39
amusement,0.18,0.44,0.56,0.44
amusement,0.39,0.5,0.55,0.15
amusement,0.89,0.63,0.51,0.45
amusement,0.53,0.5,0.3,0.13
amusement,0.17,0.72,0.4,0.05
amusement,0.43,0.78,0.53,0.55
amusement,0.53,0.4,0.51,0.1
amusement,0.8,0.61,0.57,0.15
amusement,0.1,0.76,0.72,0.28
amusement,0.26,0.29,0.27,0.38
amusement,0.43,0.76,0.71,0.4
amusement,0.15,0.67,0.17,0.17
amusement,0.75,0.76,0.75,0.34
amusement,0.68,0.63,0.77,0.06
amusement,0.32,0.39,0.6,0.08
amusement,0.75,0.71,0.34,0.0
amusement,0.26,0.53,0.4,0.1
amusement,0.78,0.56,0.71,0.5
amusement,0.27,0.2,0.61,0.11
amusement,0.39,0.23,0.72,0.58
amusement,0.56,0.48,0.23,0.26
amusement,0.26,0.66,0.45,0.26
amusement,0.35,0.23,0.03,0.05
amusement,0.59,0.25,0.08,0.27
amusement,0.46,0.4,0.3,0.01
amusement,0.39,0.24,0.44,0.33
amusement,0.84,0.29,0.47,0.45
amusement,0.69,0.61,0.03,0.53
amusement,0.3,0.47,0.63,0.35
amusement,0.67,0.67,0.69,0.42
amusement,0.63,0.23,0.54,0.33
amusement,0.8,0.53,0.63,0.51
amusement,0.96,0.44,0.15,0.09
amusement,0.43,0.58,0.6,0.47
amusement,0.41,0.27,0.12,0.36
amusement,0.97,0.79,0.55,0.31
amusement,0.62,0.57,0.13,0.12
amusement,0.76,0.25,0.16,0.48
amusement,0.33,0.4,0.75,0.26
amusement,0.28,0.57,0.29,0.21
amusement,0.91,0.53,0.18,0.17
amusement,0.26,0.56,0.34,0.42
amusement,0.15,0.5,0.46,0.26
amusement,0.32,0.49,0.18,0.37
amusement,0.11,0.21,0.09,0.06
amusement,0.7,0.35,0.69,0.02
amusement,0.54,0.36,0.11,0.18
amusement,0.66,0.23,0.76,0.19
amusement,0.73,0.6,0.77,0.49
amusement,0.2,0.2,0.31,0.41
amusement,0.9,0.73,0.39,0.13
amusement,0.28,0.79,0.49,0.43
amusement,0.52,0.34,0.6,0.22
amusement,0.25,0.58,0.38,0.18
amusement,1.0,0.63,0.22,0.59
amusement,0.86,0.38,0.63,0.51
amusement,0.79,0.31,0.17,0.01
amusement,0.19,0.26,0.52,0.48
amusement,0.48,0.37,0.7,0.05
amusement,0.85,0.69,0.64,0.09
amusement,0.25,0.62,0.43,0.32
amusement,0.48,0.31,0.45,0.07
amusement,0.16,0.75,0.15,0.21
amusement,0.3,0.25,0.1,0.23
amusement,0.83,0.57,0.63,0.34
amusement,0.43,0.79,0.11,0.18
amusement,0.64,0.76,0.27,0.53
amusement,0.78,0.47,0.0,0.6
amusement,0.6,0.49,0.05,0.39
amusement,0.36,0.37,0.47,0.28
amusement,0.11,0.27,0.65,0.02
amusement,0.23,0.75,0.05,0.28
amusement,0.53,0.45,0.76,0.26
amusement,0.84,0.53,0.6,0.42
amusement,0.32,0.71,0.11,0.41
amusement,0.84,0.76,0.48,0.15
amusement,0.29,0.33,0.04,0.27
amusement,0.47,0.52,0.34,0.1
amusement,0.31,0.56,0.18,0.23
amusement,0.26,0.52,0.62,0.2
amusement,0.74,0.25,0.64,0.06
amusement,0.74,0.44,0.75,0.58
amusement,0.68,0.35,0.25,0.53
amusement,0.41,0.71,0.17,0.06
amusement,0.94,0.35,0.1,0.22
amusement,0.45,0.74,0.41,0.57
amusement,0.74,0.32,0.18,0.03
amusement,0.87,0.35,0.2,0.51
amusement,0.66,0.53,0.64,0.55
amusement,0.52,0.42,0.34,0.03
amusement,0.55,0.76,0.55,0.11
amusement,0.27,0.28,0.65,0.19
amusement,0.33,0.32,0.28,0.52
amusement,0.43,0.27,0.67,0.58
amusement,0.63,0.25,0.57,0.2
amusement,0.89,0.41,0.05,0.44
amusement,0.5,0.79,0.56,0.25
amusement,0.28,0.41,0.1,0.43
amusement,0.76,0.5,0.0,0.5
amusement,0.6,0.32,0.28,0.5
amusement,0.3,0.61,0.56,0.07
amusement,0.19,0.49,0.11,0.26
amusement,0.88,0.27,0.62,0.12
amusement,0.6,0.28,0.2,0.13
amusement,0.42,0.24,0.07,0.34
amusement,0.52,0.34,0.62,0.26
amusement,0.47,0.33,0.16,0.1
amusement,0.99,0.33,0.53,0.33
amusement,0.92,0.69,0.12,0.29
amusement,0.1,0.36,0.43,0.44
amusement,0.4,0.53,0.48,0.3
amusement,0.86,0.58,0.17,0.57
amusement,1.0,0.62,0.24,0.24
amusement,0.53,0.59,0.3,0.45
amusement,0.29,0.66,0.03,0.37
amusement,0.24,0.33,0.1,0.16
amusement,0.93,0.67,0.12,0.02
amusement,0.78,0.66,0.76,0.5
amusement,0.66,0.55,0.53,0.25
amusement,0.12,0.7,0.52,0.18
amusement,0.96,0.68,0.24,0.13
amusement,0.77,0.33,0.16,0.06
amusement,0.77,0.57,0.15,0.52
amusement,0.56,0.22,0.03,0.29
amusement,0.14,0.23,0.35,0.17
amusement,0.19,0.28,0.67,0.28
amusement,0.55,0.67,0.73,0.14
amusement,0.72,0.56,0.23,0.02
amusement,0.23,0.46,0.55,0.3
amusement,0.85,0.46,0.41,0.21
amusement,0.36,0.68,0.32,0.51
amusement,0.79,0.4,0.06,0.23
amusement,0.73,0.22,0.32,0.54
amusement,0.2,0.38,0.36,0.12
amusement,0.26,0.34,0.05,0.16
amusement,0.99,0.36,0.41,0.29
amusement,0.62,0.47,0.8,0.51
amusement,0.37,0.79,0.29,0.26
amusement,0.2,0.46,0.41,0.2
amusement,0.62,0.36,0.49,0.36
amusement,0.43,0.21,0.35,0.54
amusement,0.6,0.74,0.02,0.35
amusement,0.97,0.37,0.35,0.28
amusement,0.58,0.58,0.17,0.43
amusement,0.75,0.39,0.8,0.17
amusement,0.24,0.52,0.72,0.43
amusement,0.98,0.26,0.35,0.53
amusement,0.41,0.24,0.72,0.37
amusement,0.68,0.55,0.38,0.27
amusement,0.61,0.64,0.24,0.06
amusement,0.27,0.79,0.06,0.15
amusement,0.79,0.26,0.28,0.51
amusement,0.36,0.26,0.23,0.49
amusement,0.7,0.43,0.68,0.2
amusement,0.12,0.27,0.32,0.39
amusement,0.48,0.76,0.12,0.18
amusement,0.83,0.63,0.27,0.32
amusement,0.1,0.79,0.02,0.03
amusement,0.7,0.4,0.11,0.09
amusement,0.83,0.34,0.38,0.45
amusement,0.63,0.38,0.61,0.01
amusement,0.56,0.59,0.42,0.29
amusement,0.67,0.34,0.03,0.49
amusement,0.84,0.54,0.69,0.57
amusement,0.14,0.7,0.61,0.23
amusement,0.93,0.35,0.45,0.42
amusement,0.31,0.65,0.21,0.49
amusement,0.39,0.69,0.53,0.19
amusement,0.39,0.73,0.15,0.15
amusement,0.28,0.54,0.2,0.45
amusement,0.49,0.61,0.05,0.22
amusement,0.9,0.62,0.52,0.35
amusement,0.48,0.24,0.35,0.39
amusement,0.92,0.79,0.71,0.52
amusement,0.18,0.7,0.3,0.59
amusement,0.35,0.29,0.02,0.49
amusement,0.83,0.48,0.72,0.45
amusement,0.86,0.21,0.58,0.2
amusement,0.22,0.25,0.51,0.12
amusement,0.59,0.57,0.36,0.07
amusement,0.76,0.33,0.27,0.25
amusement,0.1,0.69,0.72,0.17
amusement,0.35,0.31,0.69,0.16
amusement,0.43,0.76,0.17,0.35
amusement,0.1,0.47,0.26,0.58
amusement,0.71,0.42,0.53,0.24
amusement,0.85,0.4,0.38,0.42
amusement,0.96,0.6,0.48,0.26
amusement,0.35,0.77,0.16,0.46
amusement,0.83,0.73,0.39,0.11
amusement,0.25,0.23,0.08,0.39
amusement,0.54,0.24,0.38,0.31
amusement,0.75,0.72,0.6,0.33
amusement,0.35,0.36,0.79,0.42
amusement,0.66,0.52,0.76,0.04
amusement,0.64,0.35,0.57,0.45
amusement,1.0,0.33,0.14,0.19
amusement,0.18,0.39,0.35,0.4
amusement,0.63,0.59,0.49,0.26
amusement,0.48,0.79,0.77,0.25
amusement,0.88,0.67,0.65,0.14
amusement,0.44,0.29,0.06,0.58
amusement,0.89,0.42,0.28,0.19
amusement,0.62,0.6,0.53,0.01
amusement,0.94,0.56,0.44,0.4
amusement,0.39,0.53,0.16,0.54
amusement,0.83,0.23,0.09,0.25
amusement,0.81,0.76,0.08,0.43
amusement,0.93,0.63,0.77,0.49
amusement,0.77,0.69,0.6,0.42
amusement,0.49,0.78,0.56,0.53
amusement,0.88,0.66,0.23,0.53
amusement,0.13,0.21,0.25,0.43
amusement,0.34,0.35,0.24,0.57
amusement,0.45,0.48,0.34,0.31
amusement,0.77,0.68,0.51,0.06
amusement,0.94,0.49,0.51,0.43
amusement,0.27,0.71,0.48,0.54
amusement,0.6,0.73,0.28,0.46
amusement,0.66,0.4,0.63,0.4
amusement,0.21,0.65,0.42,0.57
amusement,0.27,0.59,0.05,0.21
amusement,0.55,0.53,0.13,0.55
amusement,0.52,0.62,0.59,0.02
amusement,0.52,0.55,0.65,0.54
amusement,0.77,0.42,0.73,0.42
amusement,0.93,0.35,0.43,0.55
amusement,0.33,0.48,0.22,0.2
amusement,0.16,0.74,0.47,0.54
amusement,0.74,0.43,0.63,0.5
amusement,0.49,0.7,0.56,0.53
amusement,0.28,0.64,0.1,0.0
amusement,0.52,0.65,0.72,0.02
amusement,0.13,0.49,0.54,0.56
amusement,0.66,0.33,0.43,0.22
amusement,0.78,0.22,0.27,0.28
amusement,0.53,0.36,0.46,0.43
amusement,0.25,0.24,0.56,0.12
amusement,0.5,0.72,0.7,0.3
amusement,0.28,0.29,0.63,0.32
amusement,0.73,0.64,0.75,0.59
amusement,0.99,0.22,0.51,0.4
amusement,0.63,0.24,0.61,0.04
amusement,0.82,0.56,0.53,0.31
amusement,0.8,0.74,0.2,0.32
amusement,0.68,0.77,0.71,0.37
amusement,0.86,0.58,0.22,0.33
amusement,0.65,0.73,0.68,0.36
amusement,0.25,0.34,0.6,0.08
amusement,0.3,0.42,0.0,0.55
amusement,0.59,0.58,0.5,0.51
amusement,0.19,0.31,0.16,0.35
amusement,0.88,0.43,0.59,0.38
amusement,1.0,0.21,0.64,0.04
amusement,0.73,0.63,0.16,0.33
amusement,0.15,0.39,0.42,0.3
amusement,0.4,0.48,0.32,0.4
amusement,0.56,0.45,0.17,0.37
amusement,0.68,0.59,0.23,0.19
amusement,0.93,0.5,0.24,0.42
amusement,0.89,0.67,0.76,0.57
amusement,0.38,0.39,0.53,0.52
amusement,0.25,0.25,0.64,0.14
amusement,0.11,0.22,0.06,0.47
amusement,0.6,0.71,0.11,0.12
amusement,0.51,0.43,0.71,0.09
amusement,0.55,0.71,0.63,0.13
amusement,0.89,0.45,0.12,0.22
amusement,0.6,0.46,0.7,0.59
amusement,0.18,0.57,0.32,0.16
amusement,0.26,0.62,0.39,0.13
amusement,0.84,0.79,0.53,0.11
amusement,0.55,0.71,0.2,0.02
amusement,0.67,0.66,0.43,0.16
amusement,0.5,0.56,0.79,0.31
amusement,0.63,0.29,0.41,0.42
amusement,0.75,0.36,0.72,0.33
amusement,0.53,0.57,0.27,0.04
amusement,0.96,0.27,0.41,0.13
amusement,0.41,0.4,0.21,0.08
amusement,0.7,0.57,0.02,0.08
amusement,0.58,0.61,0.53,0.1
amusement,0.85,0.68,0.22,0.56
amusement,0.69,0.54,0.18,0.3
awe,0.64,0.39,0.8,0.43
awe,0.46,0.66,0.04,0.42
awe,0.94,0.36,0.58,0.06
awe,0.24,0.53,0.25,0.01
awe,0.14,0.43,0.66,0.29
awe,0.4,0.68,0.2,0.16
awe,0.41,0.64,0.66,0.03
awe,0.46,0.64,0.75,0.12
awe,0.82,0.26,0.38,0.16
awe,0.57,0.32,0.03,0.23
awe,0.1,0.54,0.29,0.03
awe,0.99,0.59,0.45,0.15
awe,0.63,0.29,0.54,0.2
awe,0.58,0.76,0.34,0.55
awe,0.3,0.73,0.04,0.36
awe,0.83,0.69,0.7,0.16
awe,0.46,0.4,0.8,0.5
awe,0.27,0.64,0.66,0.34
awe,0.9,0.5,0.34,0.02
awe,0.52,0.38,0.54,0.26
awe,0.5,0.39,0.46,0.56
awe,0.94,0.24,0.67,0.44
awe,0.36,0.38,0.43,0.27
awe,0.62,0.68,0.12,0.57
awe,0.76,0.65,0.34,0.51
awe,0.19,0.37,0.35,0.48
awe,0.79,0.33,0.6,0.2
awe,0.71,0.43,0.02,0.2
awe,0.7,0.74,0.39,0.22
awe,0.86,0.32,0.76,0.26
awe,0.66,0.5,0.51,0.1
awe,0.23,0.52,0.42,0.33
awe,0.49,0.63,0.79,0.18
awe,0.89,0.4,0.5,0.52
awe,0.79,0.66,0.04,0.04
awe,0.4,0.71,0.2,0.04
awe,0.65,0.41,0.38,0.01
awe,0.55,0.59,0.8,0.58
awe,0.36,0.63,0.11,0.09
awe,0.93,0.48,0.68,0.42
awe,0.17,0.66,0.6,0.57
awe,0.57,0.55,0.16,0.46
awe,0.42,0.2,0.54,0.49
awe,0.71,0.7,0.51,0.23
awe,0.3,0.77,0.66,0.58
awe,0.53,0.31,0.58,0.29
awe,0.44,0.31,0.17,0.2
awe,0.38,0.24,0.62,0.56
awe,0.79,0.79,0.21,0.6
awe,0.49,0.43,0.23,0.57
awe,0.52,0.69,0.09,0.28
awe,0.43,0.61,0.52,0.57
awe,0.4,0.21,0.14,0.5
awe,1.0,0.37,0.08,0.43
awe,0.81,0.35,0.07,0.34
awe,0.13,0.28,0.05,0.27
awe,0.58,0.68,0.04,0.19
awe,0.61,0.57,0.8,0.43
awe,0.36,0.45,0.64,0.07
awe,0.13,0.72,0.7,0.04
awe,0.48,0.21,0.09,0.06
awe,0.44,0.23,0.73,0.35
awe,0.9,0.67,0.67,0.44
awe,0.48,0.26,0.43,0.23
awe,0.17,0.32,0.67,0.2
awe,0.62,0.7,0.7,0.26
awe,0.25,0.24,0.11,0.21
awe,0.67,0.57,0.48,0.1
awe,0.17,0.79,0.34,0.21
awe,0.87,0.5,0.18,0.28
awe,0.96,0.4,0.03,0.36
awe,0.86,0.71,0.27,0.36
awe,0.1,0.38,0.68,0.49
awe,0.34,0.35,0.49,0.02
awe,0.61,0.74,0.03,0.03
awe,0.66,0.77,0.48,0.01
awe,0.88,0.77,0.52,0.13
awe,0.11,0.42,0.73,0.28
awe,0.86,0.53,0.12,0.08
awe,0.54,0.57,0.8,0.27
awe,0.29,0.46,0.39,0.45
awe,0.27,0.42,0.04,0.1
awe,0.13,0.31,0.08,0.6
awe,0.71,0.56,0.72,0.44
awe,0.78,0.36,0.29,0.3
awe,0.78,0.72,0.38,0.28
awe,0.81,0.48,0.43,0.02
awe,0.77,0.22,0.63,0.49
awe,0.91,0.73,0.31,0.07
awe,0.85,0.25,0.45,0.51
awe,0.38,0.55,0.05,0.31
awe,0.64,0.34,0.11,0.51
awe,0.27,0.23,0.18,0.57
awe,0.42,0.46,0.28,0.16
awe,0.3,0.42,0.74,0.34
awe,0.74,0.29,0.06,0.55
awe,0.86,0.39,0.73,0.29
awe,0.94,0.75,0.2,0.15
awe,0.22,0.74,0.65,0.39
awe,0.19,0.68,0.73,0.21
awe,0.44,0.4,0.8,0.36
awe,0.87,0.24,0.56,0.01
awe,0.18,0.5,0.55,0.52
awe,0.33,0.26,0.46,0.51
awe,0.71,0.2,0.02,0.6
awe,0.8,0.5,0.05,0.37
awe,0.12,0.37,0.62,0.35
awe,0.88,0.24,0.01,0.06
awe,0.8,0.32,0.19,0.13
awe,0.47,0.4,0.67,0.25
awe,0.39,0.55,0.39,0.48
awe,0.64,0.48,0.5,0.06
awe,0.34,0.28,0.31,0.24
awe,0.54,0.46,0.43,0.52
awe,0.91,0.7,0.72,0.52
awe,0.91,0.58,0.74,0.59
awe,0.4,0.29,0.58,0.12
awe,0.81,0.68,0.19,0.3
awe,0.67,0.55,0.57,0.23
awe,0.79,0.69,0.77,0.55
awe,0.18,0.68,0.65,0.12
awe,0.34,0.21,0.13,0.23
awe,0.24,0.71,0.22,0.4
awe,0.96,0.79,0.64,0.1
awe,0.17,0.69,0.3,0.13
awe,0.95,0.69,0.7,0.43
awe,0.59,0.64,0.29,0.06
awe,0.89,0.26,0.74,0.41
awe,0.43,0.49,0.28,0.03
awe,0.15,0.29,0.29,0.13
awe,0.4,0.71,0.75,0.57
awe,0.47,0.77,0.52,0.23
awe,0.33,0.74,0.47,0.38
awe,0.39,0.73,0.48,0.16
awe,0.71,0.32,0.58,0.34
awe,0.28,0.25,0.01,0.19
awe,0.67,0.71,0.14,0.51
awe,0.69,0.32,0.29,0.5
awe,0.15,0.35,0.36,0.19
awe,1.0,0.8,0.18,0.35
awe,0.16,0.34,0.15,0.23
awe,0.75,0.8,0.58,0.32
awe,0.98,0.65,0.67,0.46
awe,0.2,0.47,0.75,0.48
awe,0.88,0.79,0.0,0.2
awe,0.11,0.44,0.16,0.18
awe,0.59,0.64,0.59,0.31
awe,0.57,0.41,0.77,0.3
awe,0.32,0.66,0.63,0.11
awe,0.36,0.65,0.5,0.27
awe,0.45,0.59,0.78,0.09
awe,0.45,0.48,0.02,0.06
awe,0.94,0.65,0.12,0.25
awe,0.69,0.29,0.68,0.27
awe,0.88,0.75,0.14,0.0
awe,0.34,0.26,0.03,0.12
awe,0.49,0.4,0.63,0.22
awe,0.91,0.67,0.12,0.24
awe,0.99,0.75,0.69,0.07
awe,0.72,0.65,0.3,0.19
awe,0.53,0.73,0.62,0.07
awe,0.82,0.49,0.47,0.49
awe,0.79,0.72,0.44,0.32
awe,0.55,0.66,0.6,0.41
awe,0.58,0.7,0.58,0.02
awe,0.98,0.28,0.27,0.21
awe,0.93,0.71,0.59,0.41
awe,0.27,0.38,0.36,0.2
awe,0.68,0.66,0.09,0.43
awe,0.43,0.26,0.09,0.48
awe,0.16,0.65,0.18,0.47
awe,0.53,0.41,0.09,0.51
awe,0.89,0.64,0.16,0.53
awe,0.43,0.37,0.4,0.27
awe,0.47,0.61,0.48,0.36
awe,0.69,0.28,0.49,0.39
awe,0.28,0.21,0.51,0.55
awe,0.8,0.28,0.21,0.55
awe,0.46,0.27,0.56,0.33
awe,0.77,0.63,0.27,0.38
awe,0.22,0.63,0.18,0.3
awe,0.35,0.41,0.26,0.54
awe,0.17,0.23,0.0,0.52
awe,0.16,0.2,0.55,0.44
awe,0.94,0.63,0.02,0.47
awe,0.56,0.63,0.5,0.37
awe,0.33,0.26,0.6,0.34
awe,0.51,0.29,0.26,0.14
awe,0.82,0.23,0.15,0.01
awe,0.73,0.77,0.46,0.38
awe,0.29,0.21,0.21,0.6
awe,0.13,0.41,0.52,0.05
awe,0.5,0.33,0.03,0.49
awe,0.54,0.47,0.78,0.35
awe,0.77,0.25,0.27,0.1
awe,0.35,0.71,0.27,0.14
awe,1.0,0.7,0.45,0.04
awe,0.17,0.31,0.24,0.58
awe,0.55,0.27,0.58,0.26
awe,0.88,0.21,0.1,0.27
awe,0.95,0.73,0.24,0.19
awe,0.79,0.45,0.1,0.41
awe,0.92,0.48,0.58,0.44
awe,0.76,0.71,0.35,0.55
awe,0.38,0.5,0.05,0.2
awe,0.69,0.46,0.11,0.32
awe,0.26,0.72,0.03,0.17
awe,1.0,0.56,0.17,0.38
awe,0.9,0.66,0.37,0.25
awe,0.73,0.39,0.48,0.48
awe,0.33,0.73,0.78,0.34
awe,0.27,0.5,0.3,0.47
awe,0.44,0.31,0.33,0.48
awe,0.98,0.4,0.72,0.17
awe,0.14,0.31,0.07,0.11
awe,0.79,0.47,0.79,0.59
awe,0.98,0.33,0.46,0.1
awe,0.93,0.29,0.08,0.55
awe,0.28,0.63,0.05,0.06
awe,0.33,0.68,0.04,0.53
awe,0.19,0.76,0.48,0.45
awe,0.99,0.54,0.46,0.51
awe,0.79,0.44,0.01,0.41
awe,0.9,0.37,0.0,0.1
awe,0.18,0.8,0.55,0.47
awe,0.54,0.3,0.44,0.22
awe,0.18,0.77,0.07,0.29
awe,0.74,0.8,0.06,0.59
awe,0.8,0.46,0.43,0.38
awe,0.18,0.27,0.7,0.24
awe,0.29,0.55,0.57,0.51
awe,0.67,0.59,0.71,0.38
awe,0.84,0.65,0.67,0.14
awe,0.55,0.29,0.74,0.32
awe,0.14,0.61,0.17,0.06
awe,0.85,0.28,0.12,0.01
awe,0.15,0.67,0.43,0.42
awe,0.4,0.46,0.59,0.14
awe,0.13,0.37,0.03,0.28
awe,0.96,0.67,0.15,0.21
awe,0.53,0.51,0.27,0.17
awe,0.14,0.2,0.09,0.44
awe,0.99,0.48,0.13,0.09
awe,0.1,0.62,0.3,0.43
awe,0.8,0.28,0.63,0.19
awe,0.19,0.75,0.18,0.58
awe,0.69,0.79,0.38,0.02
awe,0.54,0.43,0.33,0.3
awe,0.93,0.64,0.31,0.48
awe,0.84,0.6,0.74,0.09
awe,0.8,0.37,0.38,0.28
awe,0.15,0.6,0.1,0.5
awe,0.85,0.34,0.7,0.27
awe,0.31,0.5,0.52,0.24
awe,0.26,0.55,0.23,0.28
awe,0.12,0.34,0.29,0.48
awe,0.93,0.52,0.68,0.57
awe,0.79,0.31,0.3,0.1
awe,0.37,0.54,0.72,0.12
awe,0.41,0.6,0.49,0.19
awe,0.8,0.39,0.45,0.07
awe,0.29,0.54,0.08,0.22
awe,0.22,0.64,0.45,0.17
awe,0.86,0.75,0.36,0.35
awe,0.17,0.53,0.31,0.59
awe,0.65,0.57,0.13,0.4
awe,0.49,0.7,0.44,0.6
awe,0.31,0.3,0.07,0.2
awe,0.85,0.53,0.54,0.56
awe,0.9,0.67,0.27,0.56
awe,0.11,0.22,0.66,0.16
awe,0.39,0.49,0.66,0.19
awe,0.75,0.71,0.26,0.6
awe,0.87,0.71,0.2,0.07
awe,0.77,0.56,0.75,0.19
awe,0.9,0.8,0.54,0.54
awe,0.32,0.48,0.48,0.29
awe,0.22,0.24,0.62,0.39
awe,0.9,0.23,0.34,0.13
awe,0.23,0.33,0.23,0.53
awe,0.61,0.5,0.2,0.15
awe,0.41,0.29,0.54,0.22
awe,0.53,0.46,0.51,0.53
awe,0.39,0.55,0.76,0.14
awe,0.94,0.65,0.62,0.34
awe,0.56,0.23,0.59,0.56
awe,0.81,0.72,0.34,0.23
awe,0.98,0.78,0.25,0.28
awe,0.84,0.63,0.28,0.48
awe,0.72,0.36,0.15,0.41
awe,0.33,0.37,0.66,0.17
awe,0.95,0.55,0.21,0.0
awe,0.22,0.42,0.53,0.46
awe,0.31,0.23,0.2,0.32
awe,0.63,0.21,0.43,0.39
awe,0.94,0.5,0.11,0.42
awe,0.72,0.78,0.75,0.23
awe,0.5,0.56,0.44,0.08
awe,0.41,0.2,0.11,0.6
awe,0.3,0.65,0.72,0.54
contentment,0.31,0.39,0.54,0.39
contentment,0.31,0.27,0.37,0.31
contentment,0.64,0.41,0.54,0.59
contentment,0.66,0.62,0.06,0.23
contentment,0.15,0.78,0.4,0.14
contentment,0.88,0.49,0.55,0.11
contentment,0.38,0.77,0.18,0.4
contentment,0.28,0.57,0.38,0.08
contentment,0.54,0.47,0.2,0.04
contentment,0.18,0.7,0.45,0.33
contentment,0.16,0.64,0.37,0.43
contentment,0.96,0.36,0.04,0.22
contentment,0.51,0.48,0.63,0.34
contentment,0.37,0.78,0.55,0.5
contentment,0.12,0.41,0.43,0.51
contentment,0.43,0.33,0.56,0.24
contentment,0.26,0.78,0.74,0.16
contentment,0.17,0.49,0.64,0.1
contentment,0.29,0.57,0.37,0.32
contentment,0.5,0.53,0.14,0.52
contentment,0.6,0.69,0.24,0.36
contentment,0.13,0.48,0.33,0.13
contentment,0.53,0.42,0.61,0.39
contentment,0.58,0.39,0.72,0.0
contentment,1.0,0.26,0.03,0.1
contentment,0.42,0.21,0.39,0.1
contentment,0.83,0.3,0.73,0.0
contentment,0.24,0.75,0.29,0.27
contentment,0.83,0.54,0.34,0.4
contentment,0.88,0.44,0.76,0.17
contentment,0.33,0.58,0.12,0.25
contentment,0.61,0.33,0.21,0.11
contentment,0.98,0.53,0.26,0.27
contentment,0.26,0.41,0.32,0.4
contentment,0.61,0.25,0.66,0.33
contentment,0.46,0.26,0.08,0.22
contentment,0.18,0.61,0.76,0.53
contentment,0.69,0.2,0.12,0.49
contentment,0.3,0.65,0.27,0.3
contentment,0.62,0.74,0.63,0.12
contentment,0.63,0.5,0.03,0.03
contentment,0.38,0.25,0.03,0.36
contentment,0.22,0.21,0.06,0.47
contentment,0.99,0.54,0.06,0.27
contentment,0.34,0.54,0.11,0.6
contentment,0.99,0.65,0.77,0.44
contentment,0.85,0.48,0.33,0.36
contentment,0.34,0.34,0.68,0.48
contentment,0.91,0.37,0.69,0.35
contentment,0.19,0.73,0.53,0.15
contentment,0.61,0.29,0.46,0.31
contentment,0.48,0.66,0.53,0.43
contentment,0.81,0.28,0.4,0.51
contentment,0.23,0.36,0.71,0.28
contentment,0.51,0.66,0.05,0.42
contentment,0.56,0.68,0.62,0.27
contentment,0.39,0.32,0.61,0.5
contentment,0.68,0.7,0.2,0.33
contentment,0.94,0.59,0.04,0.06
contentment,0.51,0.24,0.43,0.11
contentment,0.42,0.23,0.53,0.16
contentment,0.75,0.26,0.51,0.09
contentment,0.33,0.35,0.27,0.13
contentment,0.51,0.72,0.52,0.06
contentment,0.31,0.57,0.51,0.25
contentment,0.48,0.25,0.42,0.13
contentment,0.5,0.68,0.04,0.08
contentment,0.26,0.75,0.79,0.4
contentment,0.44,0.79,0.59,0.33
contentment,0.85,0.64,0.36,0.57
contentment,0.92,0.27,0.55,0.14
contentment,0.54,0.54,0.73,0.06
contentment,0.31,0.41,0.62,0.3
contentment,0.85,0.77,0.06,0.1
contentment,0.31,0.41,0.25,0.31
contentment,0.23,0.45,0.05,0.59
contentment,0.97,0.61,0.31,0.52
contentment,0.13,0.28,0.66,0.01
contentment,0.34,0.25,0.12,0.23
contentment,0.38,0.46,0.28,0.59
contentment,0.38,0.74,0.24,0.33
contentment,0.68,0.33,0.27,0.59
contentment,0.64,0.59,0.68,0.38
contentment,0.2,0.76,0.26,0.0
contentment,0.23,0.41,0.02,0.48
contentment,1.0,0.5,0.29,0.06
contentment,0.49,0.33,0.71,0.55
contentment,0.73,0.38,0.62,0.55
contentment,0.38,0.31,0.48,0.03
contentment,0.86,0.29,0.61,0.35
contentment,0.25,0.46,0.23,0.38
contentment,0.59,0.36,0.06,0.56
contentment,0.74,0.66,0.55,0.08
contentment,0.26,0.5,0.22,0.42
contentment,0.46,0.34,0.49,0.38
contentment,0.98,0.54,0.68,0.1
contentment,0.21,0.78,0.51,0.2
contentment,0.85,0.8,0.17,0.41
contentment,0.89,0.51,0.48,0.24
contentment,0.77,0.78,0.48,0.13
contentment,0.53,0.38,0.05,0.58
contentment,0.53,0.56,0.65,0.45
contentment,0.54,0.6,0.07,0.32
contentment,0.74,0.37,0.41,0.46
contentment,0.2,0.53,0.2,0.49
contentment,0.15,0.35,0.63,0.34
contentment,0.91,0.8,0.78,0.11
contentment,0.51,0.28,0.4,0.07
contentment,0.63,0.37,0.64,0.43
contentment,0.79,0.37,0.3,0.57
contentment,0.66,0.21,0.5,0.51
contentment,0.37,0.27,0.16,0.55
contentment,0.59,0.7,0.25,0.5
contentment,0.43,0.61,0.16,0.31
contentment,0.6,0.3,0.5,0.54
contentment,0.79,0.6,0.4,0.26
contentment,0.89,0.56,0.07,0.58
contentment,0.71,0.57,0.28,0.44
contentment,0.66,0.21,0.69,0.04
contentment,0.35,0.2,0.74,0.14
contentment,0.46,0.65,0.07,0.55
contentment,0.28,0.48,0.06,0.37
contentment,0.46,0.63,0.31,0.48
contentment,0.2,0.58,0.28,0.57
contentment,0.2,0.71,0.42,0.51
contentment,0.94,0.2,0.03,0.57
contentment,0.87,0.72,0.47,0.17
contentment,0.25,0.44,0.18,0.33
contentment,0.32,0.42,0.5,0.5
contentment,0.18,0.69,0.41,0.44
contentment,0.28,0.75,0.61,0.33
contentment,0.48,0.77,0.08,0.24
contentment,0.21,0.23,0.56,0.28
contentment,0.19,0.53,0.13,0.22
contentment,0.7,0.42,0.56,0.57
contentment,0.34,0.25,0.19,0.2
contentment,0.24,0.3,0.22,0.56
contentment,0.17,0.61,0.38,0.35
contentment,0.91,0.61,0.06,0.23
contentment,0.45,0.54,0.69,0.6
contentment,0.74,0.55,0.54,0.11
contentment,0.65,0.39,0.64,0.58
contentment,0.82,0.72,0.14,0.2
contentment,0.16,0.27,0.55,0.02
contentment,0.27,0.24,0.63,0.56
contentment,0.82,0.22,0.27,0.4
contentment,0.71,0.49,0.8,0.26
contentment,0.55,0.38,0.25,0.54
contentment,0.92,0.36,0.33,0.34
contentment,0.88,0.69,0.59,0.58
contentment,0.16,0.61,0.54,0.54
contentment,0.88,0.57,0.42,0.43
contentment,0.41,0.8,0.55,0.32
contentment,0.37,0.67,0.64,0.39
contentment,0.53,0.63,0.28,0.05
contentment,0.83,0.31,0.31,0.05
contentment,0.28,0.72,0.12,0.33
contentment,0.9,0.55,0.38,0.03
contentment,0.58,0.35,0.73,0.19
contentment,0.3,0.4,0.45,0.51
contentment,0.13,0.41,0.65,0.11
contentment,0.7,0.72,0.42,0.46
contentment,0.53,0.47,0.49,0.58
contentment,0.1,0.72,0.11,0.42
contentment,0.54,0.43,0.05,0.52
contentment,0.8,0.2,0.1,0.2
contentment,0.93,0.71,0.7,0.07
contentment,0.51,0.31,0.46,0.29
contentment,0.1,0.34,0.48,0.15
contentment,0.73,0.49,0.54,0.56
contentment,0.93,0.58,0.53,0.55
contentment,0.65,0.35,0.16,0.34
contentment,0.74,0.32,0.51,0.14
contentment,0.89,0.49,0.32,0.42
contentment,0.1,0.26,0.36,0.31
contentment,0.29,0.77,0.17,0.42
contentment,0.59,0.75,0.17,0.46
contentment,0.11,0.28,0.71,0.07
contentment,0.27,0.24,0.22,0.39
contentment,0.84,0.49,0.35,0.35
contentment,1.0,0.37,0.79,0.59
contentment,0.47,0.47,0.79,0.37
contentment,0.79,0.74,0.13,0.43
contentment,0.25,0.35,0.69,0.25
contentment,0.29,0.33,0.0,0.36
contentment,0.38,0.73,0.17,0.19
contentment,0.21,0.55,0.11,0.43
contentment,0.8,0.22,0.58,0.07
contentment,0.71,0.39,0.69,0.37
contentment,0.9,0.67,0.27,0.38
contentment,0.78,0.74,0.29,0.41
contentment,0.54,0.44,0.02,0.19
contentment,0.96,0.32,0.62,0.28
contentment,0.53,0.64,0.15,0.51
contentment,0.33,0.52,0.23,0.52
contentment,0.84,0.62,0.63,0.2
contentment,0.37,0.41,0.44,0.58
contentment,0.49,0.76,0.58,0.1
contentment,0.8,0.59,0.49,0.49
contentment,0.68,0.27,0.69,0.16
contentment,0.18,0.58,0.57,0.05
contentment,0.24,0.72,0.18,0.05
contentment,0.38,0.22,0.46,0.18
contentment,0.84,0.23,0.51,0.53
contentment,0.85,0.54,0.58,0.16
contentment,0.94,0.54,0.25,0.59
contentment,0.29,0.76,0.33,0.44
contentment,0.83,0.52,0.67,0.03
contentment,0.51,0.39,0.77,0.59
contentment,0.96,0.64,0.39,0.36
contentment,0.57,0.63,0.25,0.18
contentment,0.15,0.52,0.23,0.37
contentment,0.96,0.31,0.56,0.01
contentment,0.16,0.77,0.59,0.59
contentment,0.3,0.53,0.26,0.37
contentment,0.98,0.31,0.57,0.11
contentment,0.68,0.59,0.08,0.53
contentment,0.95,0.48,0.01,0.2
contentment,0.38,0.42,0.52,0.31
contentment,0.51,0.76,0.74,0.55
contentment,0.47,0.51,0.69,0.34
contentment,0.34,0.61,0.38,0.02
contentment,0.9,0.71,0.57,0.04
contentment,0.54,0.62,0.42,0.14
contentment,0.2,0.77,0.77,0.08
contentment,0.92,0.45,0.49,0.58
contentment,0.6,0.31,0.17,0.33
contentment,0.16,0.56,0.29,0.56
contentment,0.41,0.54,0.17,0.09
contentment,0.69,0.58,0.24,0.31
contentment,0.2,0.26,0.4,0.37
contentment,0.16,0.63,0.48,0.44
contentment,0.61,0.49,0.59,0.48
contentment,0.93,0.3,0.0,0.41
contentment,0.84,0.49,0.28,0.23
contentment,0.91,0.46,0.04,0.21
contentment,0.77,0.33,0.61,0.52
contentment,0.52,0.4,0.1,0.03
contentment,0.14,0.38,0.72,0.21
contentment,0.38,0.54,0.21,0.07
contentment,0.14,0.43,0.05,0.56
contentment,0.59,0.47,0.26,0.47
contentment,0.4,0.22,0.47,0.25
contentment,0.78,0.43,0.58,0.41
contentment,0.93,0.38,0.41,0.49
contentment,0.85,0.8,0.69,0.18
contentment,0.12,0.64,0.45,0.31
contentment,0.2,0.4,0.54,0.53
contentment,0.48,0.24,0.38,0.18
contentment,0.33,0.2,0.0,0.13
contentment,0.9,0.49,0.56,0.46
contentment,0.56,0.56,0.06,0.49
contentment,0.93,0.26,0.1,0.42
contentment,0.79,0.78,0.04,0.1
contentment,0.34,0.52,0.23,0.43
contentment,0.4,0.39,0.49,0.17
contentment,0.32,0.5,0.65,0.0
contentment,0.13,0.27,0.05,0.32
contentment,0.16,0.46,0.44,0.46
contentment,0.85,0.26,0.2,0.58
contentment,0.23,0.28,0.01,0.44
contentment,0.49,0.22,0.31,0.03
contentment,0.79,0.51,0.78,0.34
contentment,0.74,0.76,0.26,0.24
contentment,0.23,0.51,0.43,0.12
contentment,0.41,0.47,0.42,0.37
contentment,0.34,0.2,0.54,0.58
contentment,0.33,0.69,0.4,0.38
contentment,0.48,0.23,0.16,0.18
contentment,0.8,0.56,0.75,0.08
contentment,0.21,0.25,0.25,0.45
contentment,0.12,0.21,0.67,0.35
contentment,0.65,0.6,0.19,0.47
contentment,0.91,0.47,0.36,0.24
contentment,0.84,0.4,0.69,0.06
contentment,0.21,0.42,0.12,0.15
contentment,0.57,0.8,0.69,0.29
contentment,0.44,0.61,0.4,0.33
contentment,0.61,0.46,0.11,0.37
contentment,0.55,0.62,0.05,0.23
contentment,0.74,0.39,0.15,0.1
contentment,0.56,0.34,0.48,0.04
contentment,0.52,0.33,0.12,0.37
contentment,0.56,0.7,0.18,0.01
contentment,0.77,0.54,0.1,0.15
contentment,0.13,0.47,0.31,0.17
contentment,0.77,0.39,0.05,0.33
contentment,0.19,0.52,0.11,0.3
contentment,0.87,0.65,0.53,0.0
contentment,0.48,0.55,0.55,0.3
contentment,0.53,0.44,0.66,0.09
contentment,0.41,0.21,0.58,0.0
contentment,0.47,0.78,0.12,0.19
contentment,0.74,0.7,0.68,0.54
contentment,0.61,0.72,0.21,0.21
contentment,0.8,0.37,0.09,0.13
contentment,0.39,0.23,0.1,0.05
contentment,0.44,0.5,0.78,0.26
contentment,0.63,0.58,0.07,0.04
contentment,0.51,0.43,0.34,0.43
excitement,0.6,0.28,0.51,0.21
excitement,0.58,0.37,0.75,0.28
excitement,0.88,0.51,0.36,0.27
excitement,0.18,0.75,0.6,0.49
excitement,0.12,0.33,0.05,0.45
excitement,0.27,0.7,0.07,0.1
excitement,0.4,0.7,0.35,0.19
excitement,0.1,0.22,0.71,0.15
excitement,0.99,0.33,0.24,0.25
excitement,0.86,0.76,0.56,0.24
excitement,0.46,0.23,0.45,0.0
excitement,0.6,0.58,0.75,0.21
excitement,0.4,0.43,0.72,0.25
excitement,0.83,0.38,0.76,0.52
excitement,0.32,0.69,0.74,0.19
excitement,0.31,0.64,0.41,0.39
excitement,0.65,0.22,0.34,0.53
excitement,0.89,0.41,0.47,0.33
excitement,0.46,0.58,0.18,0.26
excitement,0.47,0.74,0.71,0.09
excitement,0.12,0.56,0.75,0.38
excitement,0.59,0.49,0.06,0.03
excitement,0.36,0.58,0.63,0.31
excitement,0.59,0.64,0.01,0.33
excitement,0.77,0.37,0.2,0.5
excitement,0.7,0.33,0.27,0.46
excitement,0.45,0.34,0.24,0.19
excitement,0.68,0.72,0.51,0.32
excitement,0.28,0.56,0.73,0.25
excitement,0.11,0.44,0.47,0.01
excitement,0.96,0.42,0.63,0.07
excitement,0.64,0.28,0.57,0.55
excitement,0.18,0.76,0.29,0.24
excitement,0.47,0.45,0.24,0.2
excitement,0.84,0.65,0.74,0.44
excitement,0.34,0.29,0.68,0.15
excitement,0.54,0.63,0.4,0.25
excitement,0.73,0.7,0.7,0.47
excitement,0.54,0.66,0.72,0.35
excitement,0.3,0.21,0.66,0.49
excitement,0.32,0.32,0.25,0.49
excitement,0.91,0.72,0.01,0.04
excitement,0.34,0.59,0.05,0.55
excitement,0.95,0.72,0.4,0.38
excitement,0.93,0.28,0.12,0.44
excitement,0.61,0.43,0.5,0.6
excitement,0.74,0.34,0.78,0.07
excitement,0.76,0.21,0.34,0.18
excitement,0.42,0.2,0.31,0.0
excitement,0.42,0.54,0.76,0.5
excitement,0.55,0.4,0.2,0.38
excitement,0.65,0.56,0.12,0.42
excitement,0.75,0.79,0.0,0.12
excitement,0.63,0.24,0.0,0.55
excitement,0.79,0.34,0.63,0.25
excitement,0.84,0.41,0.05,0.46
excitement,0.61,0.2,0.31,0.6
excitement,0.53,0.33,0.53,0.34
excitement,0.21,0.6,0.57,0.59
excitement,0.43,0.43,0.05,0.03
excitement,0.58,0.5,0.52,0.03
excitement,0.95,0.36,0.24,0.0
excitement,0.76,0.55,0.14,0.59
excitement,0.7,0.45,0.71,0.44
excitement,0.68,0.21,0.23,0.6
excitement,0.14,0.66,0.37,0.2
excitement,1.0,0.32,0.01,0.36
excitement,0.49,0.75,0.24,0.17
excitement,0.14,0.68,0.75,0.32
excitement,0.16,0.21,0.29,0.12
excitement,0.61,0.33,0.24,0.35
excitement,0.83,0.78,0.16,0.42
excitement,0.39,0.22,0.25,0.33
excitement,0.27,0.74,0.06,0.13
excitement,0.31,0.44,0.28,0.42
excitement,0.99,0.69,0.6,0.36
excitement,0.78,0.48,0.32,0.47
excitement,0.6,0.28,0.06,0.19
excitement,0.18,0.69,0.65,0.13
excitement,0.68,0.37,0.77,0.5
excitement,0.55,0.77,0.45,0.6
excitement,0.67,0.45,0.12,0.51
excitement,0.8,0.33,0.47,0.37
excitement,0.2,0.26,0.08,0.53
excitement,0.18,0.27,0.69,0.48
excitement,0.22,0.29,0.21,0.08
excitement,0.79,0.36,0.73,0.23
excitement,0.47,0.67,0.11,0.25
excitement,0.84,0.76,0.46,0.0
excitement,0.14,0.76,0.71,0.22
excitement,0.85,0.68,0.66,0.17
excitement,0.14,0.7,0.55,0.2
excitement,0.46,0.3,0.17,0.2
excitement,0.42,0.29,0.58,0.51
excitement,0.66,0.79,0.77,0.57
excitement,0.44,0.27,0.28,0.23
excitement,0.81,0.4,0.31,0.12
excitement,0.74,0.26,0.06,0.5
excitement,0.89,0.43,0.24,0.54
excitement,0.27,0.68,0.51,0.31
excitement,1.0,0.22,0.36,0.53
excitement,0.33,0.54,0.37,0.14
excitement,0.4,0.71,0.75,0.02
excitement,0.53,0.38,0.39,0.1
excitement,0.33,0.55,0.62,0.2
excitement,0.62,0.38,0.24,0.51
excitement,0.13,0.29,0.42,0.09
excitement,0.77,0.54,0.15,0.21
excitement,0.77,0.37,0.56,0.12
excitement,1.0,0.34,0.44,0.56
excitement,0.77,0.42,0.32,0.59
excitement,0.46,0.61,0.37,0.55
excitement,0.11,0.79,0.61,0.41
excitement,0.87,0.62,0.74,0.25
excitement,0.3,0.48,0.04,0.57
excitement,0.71,0.4,0.04,0.59
excitement,0.34,0.38,0.1,0.55
excitement,0.65,0.46,0.73,0.33
excitement,0.74,0.34,0.24,0.19
excitement,0.42,0.56,0.29,0.03
excitement,0.41,0.58,0.65,0.11
excitement,0.96,0.35,0.26,0.29
excitement,0.51,0.52,0.29,0.19
excitement,0.24,0.45,0.8,0.34
excitement,0.23,0.31,0.68,0.13
excitement,0.98,0.48,0.25,0.46
excitement,0.93,0.2,0.1,0.17
excitement,0.23,0.35,0.52,0.42
excitement,0.46,0.26,0.26,0.51
excitement,0.8,0.53,0.37,0.27
excitement,0.31,0.57,0.63,0.33
excitement,0.31,0.37,0.31,0.58
excitement,0.67,0.67,0.67,0.45
excitement,0.38,0.78,0.09,0.33
excitement,0.28,0.59,0.63,0.2
excitement,0.97,0.57,0.22,0.39
excitement,0.13,0.23,0.59,0.42
excitement,0.11,0.59,0.14,0.59
excitement,0.81,0.52,0.3,0.19
excitement,0.15,0.56,0.49,0.14
excitement,0.54,0.59,0.31,0.17
excitement,0.11,0.43,0.22,0.02
excitement,0.27,0.34,0.79,0.53
excitement,0.41,0.59,0.73,0.54
excitement,0.77,0.59,0.34,0.48
excitement,0.12,0.54,0.51,0.1
excitement,0.55,0.32,0.26,0.17
excitement,0.95,0.29,0.29,0.29
excitement,0.76,0.45,0.45,0.47
excitement,0.78,0.65,0.73,0.15
excitement,0.65,0.67,0.1,0.37
excitement,0.25,0.62,0.65,0.18
excitement,0.99,0.66,0.71,0.14
excitement,0.61,0.69,0.53,0.42
excitement,0.56,0.49,0.19,0.56
excitement,0.21,0.59,0.35,0.08
excitement,0.73,0.3,0.51,0.02
excitement,0.45,0.64,0.44,0.06
excitement,0.19,0.78,0.56,0.6
excitement,0.18,0.58,0.23,0.32
excitement,0.87,0.8,0.14,0.47
excitement,0.54,0.37,0.15,0.58
excitement,0.81,0.43,0.4,0.4
excitement,0.37,0.66,0.13,0.1
excitement,0.33,0.6,0.21,0.3
excitement,0.13,0.39,0.23,0.33
excitement,0.54,0.54,0.36,0.05
excitement,0.82,0.6,0.25,0.21
excitement,0.84,0.24,0.58,0.34
excitement,0.99,0.3,0.45,0.11
excitement,0.27,0.33,0.41,0.23
excitement,0.26,0.44,0.57,0.58
excitement,0.76,0.57,0.07,0.56
excitement,0.86,0.67,0.56,0.15
excitement,0.45,0.26,0.13,0.38
excitement,0.13,0.66,0.39,0.36
excitement,0.84,0.23,0.03,0.58
excitement,1.0,0.35,0.68,0.28
excitement,0.95,0.77,0.05,0.03
excitement,0.58,0.31,0.71,0.17
excitement,0.86,0.3,0.17,0.1
excitement,0.8,0.39,0.24,0.12
excitement,0.12,0.44,0.37,0.46
excitement,0.53,0.46,0.43,0.31
excitement,0.53,0.46,0.55,0.21
excitement,0.93,0.71,0.16,0.11
excitement,0.87,0.33,0.19,0.47
excitement,0.71,0.44,0.23,0.49
excitement,0.61,0.79,0.22,0.49
excitement,0.72,0.72,0.27,0.46
excitement,0.86,0.78,0.38,0.23
excitement,0.64,0.66,0.21,0.59
excitement,0.34,0.56,0.65,0.08
excitement,0.15,0.76,0.14,0.41
excitement,0.18,0.52,0.12,0.32
excitement,0.36,0.63,0.33,0.1
excitement,0.73,0.78,0.36,0.45
excitement,0.31,0.64,0.52,0.3
excitement,0.92,0.69,0.77,0.22
excitement,0.3,0.76,0.77,0.45
excitement,0.35,0.36,0.64,0.19
excitement,0.89,0.68,0.7,0.46
excitement,0.56,0.75,0.36,0.38
excitement,0.99,0.43,0.17,0.26
excitement,0.15,0.67,0.8,0.53
excitement,0.81,0.35,0.54,0.01
excitement,0.82,0.75,0.74,0.09
excitement,0.12,0.62,0.67,0.5
excitement,0.31,0.72,0.73,0.17
excitement,0.23,0.66,0.46,0.44
excitement,0.84,0.8,0.21,0.25
excitement,0.24,0.29,0.42,0.21
excitement,0.15,0.78,0.0,0.24
excitement,0.96,0.37,0.32,0.14
excitement,0.66,0.5,0.01,0.59
excitement,0.47,0.51,0.75,0.32
excitement,0.68,0.68,0.67,0.44
excitement,0.35,0.65,0.26,0.41
excitement,0.9,0.7,0.56,0.57
excitement,0.93,0.29,0.77,0.24
excitement,0.35,0.6,0.45,0.45
excitement,0.29,0.8,0.4,0.4
excitement,1.0,0.75,0.4,0.04
excitement,0.5,0.4,0.59,0.13
excitement,0.28,0.61,0.25,0.17
excitement,0.35,0.46,0.25,0.16
excitement,0.17,0.77,0.25,0.55
excitement,0.87,0.2,0.77,0.46
excitement,0.46,0.24,0.68,0.5
excitement,0.48,0.25,0.39,0.31
excitement,0.88,0.22,0.7,0.11
excitement,0.8,0.29,0.01,0.3
excitement,0.83,0.55,0.2,0.05
excitement,0.54,0.64,0.37,0.57
excitement,0.84,0.53,0.66,0.58
excitement,0.13,0.37,0.25,0.53
excitement,0.62,0.61,0.5,0.03
excitement,0.86,0.74,0.73,0.45
excitement,0.41,0.33,0.63,0.54
excitement,0.11,0.32,0.36,0.51
excitement,0.44,0.51,0.52,0.12
excitement,0.72,0.62,0.7,0.6
excitement,0.36,0.75,0.62,0.12
excitement,0.75,0.32,0.15,0.44
excitement,0.43,0.66,0.76,0.41
excitement,0.2,0.78,0.33,0.47
excitement,0.34,0.4,0.36,0.13
excitement,0.95,0.79,0.28,0.37
excitement,0.68,0.32,0.63,0.6
excitement,0.63,0.58,0.63,0.25
excitement,0.64,0.6,0.59,0.53
excitement,0.77,0.79,0.5,0.15
excitement,0.65,0.43,0.13,0.01
excitement,0.1,0.4,0.2,0.27
excitement,0.73,0.2,0.6,0.56
excitement,0.93,0.73,0.37,0.13
excitement,0.28,0.49,0.37,0.5
excitement,0.96,0.74,0.34,0.24
excitement,0.97,0.71,0.21,0.57
excitement,0.13,0.68,0.23,0.43
excitement,0.69,0.26,0.51,0.57
excitement,0.68,0.49,0.02,0.59
excitement,0.53,0.54,0.48,0.52
excitement,0.91,0.47,0.42,0.32
excitement,0.91,0.6,0.56,0.52
excitement,0.29,0.48,0.36,0.16
excitement,0.35,0.6,0.64,0.19
excitement,0.76,0.31,0.69,0.58
excitement,0.88,0.22,0.18,0.12
excitement,0.58,0.54,0.19,0.34
excitement,0.96,0.61,0.15,0.17
excitement,0.96,0.4,0.29,0.57
excitement,0.64,0.55,0.51,0.17
excitement,0.59,0.44,0.77,0.38
excitement,0.56,0.61,0.28,0.22
excitement,0.91,0.58,0.3,0.49
excitement,0.29,0.36,0.01,0.57
excitement,0.54,0.72,0.4,0.41
excitement,0.59,0.52,0.78,0.53
excitement,0.32,0.31,0.51,0.57
excitement,0.17,0.26,0.35,0.39
excitement,0.5,0.29,0.03,0.08
excitement,0.63,0.76,0.76,0.12
excitement,0.71,0.61,0.57,0.21
excitement,0.7,0.23,0.01,0.54
excitement,0.3,0.34,0.45,0.15
excitement,0.92,0.51,0.52,0.42
excitement,0.74,0.33,0.77,0.39
excitement,0.22,0.72,0.04,0.38
excitement,0.91,0.37,0.46,0.09
excitement,0.93,0.25,0.75,0.48
excitement,0.47,0.76,0.6,0.28
excitement,0.42,0.76,0.24,0.37
excitement,0.37,0.71,0.08,0.42
excitement,0.21,0.49,0.58,0.17
excitement,0.87,0.38,0.06,0.6
excitement,0.64,0.59,0.58,0.03
excitement,0.59,0.29,0.33,0.37
excitement,0.74,0.72,0.27,0.51
excitement,0.96,0.6,0.19,0.55
anger,0.85,0.6,0.72,0.51
anger,0.6,0.92,0.91,0.9
anger,0.83,0.73,0.97,0.66
anger,0.68,0.66,0.87,0.99
anger,0.93,0.99,0.87,0.89
anger,0.74,0.74,0.82,0.55
anger,1.0,0.92,0.77,0.51
anger,0.62,0.9,0.79,0.61
anger,0.62,0.97,0.8,0.93
anger,0.94,0.84,0.99,0.75
anger,0.77,0.88,0.81,0.83
anger,0.92,0.6,0.74,0.99
anger,0.99,0.84,1.0,0.9
anger,0.92,0.65,0.7,0.84
anger,0.92,0.6,0.76,0.71
anger,0.93,0.89,0.88,0.87
anger,0.86,0.68,0.71,0.68
anger,0.95,0.96,0.84,0.55
anger,0.74,0.77,0.99,0.97
anger,0.87,0.71,0.92,0.52
anger,0.92,0.8,0.98,0.92
anger,0.55,0.63,0.86,0.52
anger,0.57,0.69,0.76,0.98
anger,0.75,0.88,0.96,0.84
anger,0.71,0.95,0.89,0.94
anger,0.79,0.79,0.7,0.81
anger,0.78,0.81,0.98,0.85
anger,0.6,0.7,0.9,0.88
anger,0.6,0.69,0.92,0.65
anger,0.62,0.92,0.73,0.9
anger,0.76,0.99,0.84,0.94
anger,0.86,0.98,0.74,0.57
anger,0.78,0.62,0.8,0.55
anger,0.66,0.91,0.96,0.72
anger,0.66,0.78,0.99,0.62
anger,0.59,0.82,0.88,1.0
anger,0.57,0.75,0.76,0.5
anger,0.56,0.94,0.79,0.85
anger,0.65,1.0,0.93,0.62
anger,0.51,0.61,0.77,0.82
anger,0.9,0.94,0.83,0.94
anger,0.84,0.71,0.81,0.72
anger,0.73,0.63,0.9,0.74
anger,0.75,0.69,0.83,0.93
anger,0.72,0.85,0.85,0.85
anger,0.6,0.93,0.93,0.59
anger,0.89,0.92,0.88,0.7
anger,0.96,0.87,0.87,0.8
anger,0.85,0.65,0.88,0.84
anger,0.62,0.87,0.84,0.71
anger,0.51,0.75,0.78,0.92
anger,0.57,0.65,0.82,0.87
anger,0.55,0.63,0.88,0.52
anger,0.83,0.6,0.81,0.69
anger,0.81,0.89,0.84,0.82
anger,0.79,0.86,0.8,0.82
anger,0.88,0.63,0.93,0.55
anger,1.0,0.84,0.81,0.62
anger,0.68,0.87,0.92,0.71
anger,0.51,0.64,0.83,0.92
anger,0.76,0.64,0.72,0.92
anger,0.92,0.76,0.93,0.57
anger,0.9,0.88,0.93,0.79
anger,0.8,0.97,0.74,0.68
anger,0.67,0.63,0.91,0.6
anger,0.98,1.0,0.81,0.52
anger,0.92,0.98,0.97,0.91
anger,0.87,0.6,0.82,0.84
anger,0.66,0.66,0.96,0.64
anger,0.51,0.94,1.0,0.51
anger,0.66,0.98,0.94,0.71
anger,0.92,0.97,0.91,0.7
anger,0.96,0.71,0.93,0.58
anger,0.6,0.82,0.87,0.57
anger,0.86,0.78,0.75,0.83
anger,0.69,0.93,0.7,0.86
anger,0.96,0.84,0.94,0.59
anger,0.99,0.78,1.0,0.65
anger,0.53,0.85,0.9,0.77
anger,0.67,0.77,0.72,0.63
anger,0.87,0.71,0.7,0.74
anger,0.65,0.64,0.86,0.92
anger,1.0,0.63,0.75,0.8
anger,0.74,0.96,0.9,0.57
anger,0.76,0.73,0.9,0.75
anger,0.94,0.79,0.97,0.77
anger,0.91,0.94,0.85,0.66
anger,0.55,0.63,0.81,0.91
anger,0.71,0.61,0.86,0.87
anger,0.98,0.74,0.98,0.99
anger,0.54,0.84,0.81,0.56
anger,0.84,0.69,0.75,0.63
anger,0.6,0.77,0.7,0.65
anger,0.6,0.83,0.92,0.8
anger,0.56,0.96,0.81,0.53
anger,0.76,0.98,0.8,0.62
anger,0.51,0.72,0.87,0.51
anger,0.96,0.79,0.93,0.54
anger,0.52,0.91,0.74,0.72
anger,0.61,0.71,0.82,0.77
anger,0.64,0.7,0.79,0.76
anger,0.84,0.61,0.94,0.63
anger,0.67,0.63,0.71,1.0
anger,1.0,0.73,0.92,0.7
anger,0.87,0.86,0.73,0.74
anger,0.9,0.96,0.88,0.78
anger,0.68,0.95,0.76,0.75
anger,0.69,0.72,0.9,0.51
anger,0.98,0.72,0.83,0.74
anger,0.88,0.62,0.95,0.88
anger,0.77,0.61,0.99,0.53
anger,0.62,0.9,0.83,0.79
anger,0.52,0.76,0.95,0.68
anger,0.51,0.98,0.79,0.71
anger,0.5,0.82,0.82,0.83
anger,0.82,0.68,0.79,0.9
anger,0.96,0.61,0.9,0.83
anger,0.95,0.83,0.8,0.8
anger,0.63,0.99,0.89,0.88
anger,0.7,0.7,0.99,1.0
anger,0.7,0.84,0.72,0.55
anger,0.97,0.75,0.92,0.74
anger,0.5,1.0,0.96,0.79
anger,0.82,0.74,0.81,0.7
anger,0.85,0.86,0.91,0.71
anger,0.79,0.74,0.93,0.59
anger,0.98,0.67,0.86,0.65
anger,0.51,1.0,0.97,0.9
anger,0.98,0.64,0.73,0.94
anger,0.51,0.77,0.82,0.6
anger,0.88,0.69,0.86,0.69
anger,0.65,0.64,0.97,0.9
anger,0.77,0.91,0.86,0.8
anger,0.75,0.77,0.85,0.98
anger,0.62,0.66,0.75,0.5
anger,0.83,0.6,0.72,0.72
anger,0.69,0.64,0.77,0.78
anger,0.67,0.88,0.71,0.71
anger,0.77,0.82,0.94,0.64
anger,0.73,0.95,0.95,0.53
anger,0.62,0.96,0.97,0.97
anger,0.76,0.64,0.95,0.8
anger,0.84,0.91,0.99,0.78
anger,0.57,0.82,0.99,0.86
anger,0.76,0.89,1.0,0.53
anger,0.96,0.94,0.77,0.89
anger,0.88,0.78,0.82,0.65
anger,0.58,0.96,0.71,0.62
anger,0.53,0.87,0.98,0.96
anger,0.58,0.88,0.92,0.84
anger,0.7,0.74,0.71,0.98
anger,0.65,0.61,0.87,0.51
anger,0.73,0.94,0.84,0.69
anger,0.95,0.74,0.78,0.54
anger,0.79,0.62,0.78,0.64
anger,0.94,0.64,0.91,0.83
anger,0.97,1.0,0.85,0.97
anger,0.93,0.67,0.78,0.96
anger,0.76,0.78,0.9,0.79
anger,0.63,0.99,0.76,0.86
anger,0.8,0.73,0.77,0.99
anger,0.95,0.96,0.84,0.7
anger,0.95,1.0,0.94,0.94
anger,0.53,0.62,0.71,0.65
anger,0.67,0.62,0.74,0.69
anger,0.63,0.78,0.82,0.86
anger,0.77,0.6,0.72,0.74
anger,0.6,0.6,0.86,0.5
anger,0.8,0.75,0.9,0.54
anger,0.72,0.68,0.97,0.57
anger,0.62,0.68,0.98,0.97
anger,0.57,0.61,0.75,0.9
anger,0.67,0.67,0.84,0.61
anger,0.52,0.99,0.92,0.99
anger,0.53,0.71,0.98,0.63
anger,0.85,0.64,0.99,0.57
anger,0.92,0.85,0.76,0.92
anger,0.99,0.91,0.72,0.73
anger,0.83,0.82,0.79,0.83
anger,0.68,0.78,0.97,0.57
anger,0.5,0.7,0.81,0.82
anger,0.97,0.84,0.85,0.76
anger,0.99,0.86,0.83,0.51
anger,0.71,0.9,0.81,0.9
anger,0.67,0.71,0.71,0.67
anger,0.76,0.69,0.8,0.62
anger,0.62,0.76,0.76,0.75
anger,0.77,0.74,0.99,0.74
anger,0.83,0.65,0.83,0.89
anger,0.62,0.87,0.87,0.77
anger,0.61,0.61,0.72,0.98
anger,0.55,0.63,0.96,0.78
anger,0.79,0.63,0.71,0.67
anger,0.82,0.78,0.89,0.97
anger,0.61,0.95,0.94,0.73
anger,0.56,0.8,0.99,0.8
anger,0.62,0.93,0.85,0.66
anger,0.53,0.71,0.8,0.73
anger,0.72,0.79,0.91,0.93
anger,0.62,0.78,0.7,0.54
anger,0.6,0.64,1.0,0.92
anger,0.56,0.77,0.7,0.89
anger,0.59,0.99,0.77,0.99
anger,0.95,0.88,0.74,0.55
anger,0.9,0.96,0.97,0.88
anger,0.55,0.86,0.72,0.52
anger,0.55,0.86,0.74,0.64
anger,0.6,0.79,0.87,0.5
anger,0.68,0.87,0.9,0.68
anger,0.74,0.68,0.76,0.71
anger,0.86,0.95,0.77,0.58
anger,0.69,0.75,0.8,0.9
anger,0.83,0.85,1.0,1.0
anger,0.81,0.63,0.83,0.73
anger,0.99,0.95,0.99,0.59
anger,0.6,0.83,0.81,0.75
anger,0.54,0.85,0.79,0.53
anger,0.74,0.87,0.78,0.52
anger,0.91,0.64,0.79,0.77
anger,0.51,0.7,0.99,0.51
anger,0.91,0.83,0.8,0.51
anger,1.0,0.85,0.99,0.7
anger,0.67,0.76,0.93,0.99
anger,0.94,0.92,0.78,0.72
anger,0.97,0.86,0.79,0.8
anger,0.56,0.96,0.85,0.51
anger,0.84,0.77,0.91,0.52
anger,0.8,0.96,0.79,0.9
anger,0.8,0.67,0.87,0.72
anger,0.65,0.6,0.88,0.54
anger,0.84,0.72,0.96,0.93
anger,0.88,0.77,0.79,0.77
anger,0.97,0.74,0.83,0.81
anger,0.67,0.79,0.85,0.98
anger,0.53,0.97,0.88,0.8
anger,0.84,0.9,0.98,0.67
anger,0.55,0.86,0.7,0.71
anger,0.84,0.71,0.79,0.85
anger,0.6,0.72,0.89,0.87
anger,0.88,0.98,0.84,0.85
anger,0.69,0.78,0.9,0.52
anger,0.9,0.74,0.84,0.87
anger,0.96,0.67,0.89,0.56
anger,0.78,0.6,1.0,0.82
anger,0.55,0.63,0.78,0.97
anger,0.99,0.82,0.8,0.8
anger,0.74,0.64,0.87,0.99
anger,0.69,0.71,0.86,0.95
anger,0.87,0.72,0.85,0.97
anger,0.99,0.71,0.76,0.95
anger,0.53,0.75,0.77,0.7
anger,1.0,0.74,0.85,0.55
anger,0.6,0.79,0.86,0.68
anger,0.5,0.98,0.85,0.62
anger,0.92,0.92,0.97,0.95
anger,1.0,0.61,0.8,0.86
anger,0.5,0.99,0.97,0.79
anger,0.7,0.85,0.89,0.89
anger,0.59,0.61,0.83,0.75
anger,0.99,0.93,0.96,0.84
anger,0.68,0.79,0.7,0.66
anger,0.58,0.77,0.71,0.65
anger,0.83,0.72,0.78,0.72
anger,0.94,0.99,0.91,0.81
anger,0.57,0.92,0.86,0.85
anger,0.57,0.95,0.94,0.55
anger,0.63,0.64,0.77,0.72
anger,0.85,0.75,0.77,0.58
anger,0.52,0.97,0.88,0.73
anger,0.99,0.65,0.83,0.66
anger,0.73,0.79,0.74,0.91
anger,0.77,0.62,1.0,0.88
anger,0.99,0.62,0.99,0.74
anger,0.84,0.74,0.99,0.98
anger,0.96,0.81,0.86,0.7
anger,0.7,0.76,1.0,0.86
anger,0.81,0.94,0.78,0.55
anger,0.78,0.63,0.73,0.69
anger,0.62,0.92,0.94,0.71
anger,0.97,0.72,0.91,0.63
anger,0.65,0.79,0.85,0.93
anger,0.85,0.76,0.85,0.51
anger,0.71,0.92,0.88,0.56
anger,0.67,0.97,0.8,0.62
anger,1.0,0.8,0.85,0.98
anger,0.87,0.97,0.96,0.5
anger,0.95,0.99,0.72,0.65
anger,0.56,0.78,0.75,0.59
anger,0.91,0.86,0.82,0.53
anger,0.94,0.72,0.83,0.92
anger,0.79,0.92,0.94,0.73
anger,0.71,0.62,0.95,0.97
anger,0.73,0.95,0.96,0.75
anger,0.89,0.8,0.85,0.79
anger,0.63,0.72,0.9,0.55
anger,0.81,0.93,0.7,0.68
anger,0.98,0.71,0.73,0.76
anger,0.98,0.92,0.91,0.97
anger,0.81,0.66,0.78,0.56
anger,0.53,0.61,0.91,0.74
disgust,0.76,0.6,0.77,0.84
disgust,0.51,0.74,0.9,0.63
disgust,0.97,1.0,0.89,0.66
disgust,0.93,0.73,0.93,0.78
disgust,0.69,0.78,0.88,0.7
disgust,0.58,0.82,0.7,0.84
disgust,0.86,0.61,0.88,0.99
disgust,0.82,0.84,0.75,0.56
disgust,0.6,0.71,0.74,0.7
disgust,0.66,0.72,0.94,0.98
disgust,0.73,0.98,0.99,0.53
disgust,0.54,0.85,0.87,0.66
disgust,0.77,0.71,0.81,0.92
disgust,0.68,0.67,0.8,0.63
disgust,0.57,0.76,0.82,0.66
disgust,0.57,0.85,0.98,0.51
disgust,0.98,0.96,0.7,0.57
disgust,0.63,0.67,0.82,0.58
disgust,0.95,0.61,1.0,0.94
disgust,0.85,0.83,1.0,0.72
disgust,0.59,0.81,0.93,0.9
disgust,0.91,0.9,0.94,0.51
disgust,0.93,0.87,0.83,0.89
disgust,0.73,0.97,0.84,0.52
disgust,0.97,0.99,0.88,0.96
disgust,0.88,0.63,0.78,0.78
disgust,0.6,0.71,0.71,0.57
disgust,0.77,0.75,0.93,0.94
disgust,0.86,0.6,0.82,0.51
disgust,0.92,0.7,0.83,0.95
disgust,0.78,0.74,0.8,0.8
disgust,0.88,0.97,0.94,0.84
disgust,0.71,1.0,0.95,0.88
disgust,0.59,0.86,0.9,0.6
disgust,0.84,0.6,0.77,0.95
disgust,0.56,0.92,0.73,0.75
disgust,0.65,0.87,0.95,0.63
disgust,0.75,0.8,0.99,0.81
disgust,0.72,0.96,0.92,0.67
disgust,0.6,0.75,0.88,0.71
disgust,0.99,0.77,0.73,0.84
disgust,0.79,0.65,1.0,0.63
disgust,0.83,0.86,0.88,0.87
disgust,0.8,0.93,0.83,0.6
disgust,0.89,0.62,0.92,0.76
disgust,0.93,0.67,0.91,0.99
disgust,0.54,0.79,0.88,0.97
disgust,0.73,0.79,0.92,0.64
disgust,0.91,0.62,0.8,0.65
disgust,0.58,0.78,0.95,0.59
disgust,0.95,0.65,0.83,0.75
disgust,0.72,0.72,0.85,0.99
disgust,0.57,0.99,0.93,0.86
disgust,0.68,0.67,0.95,0.63
disgust,0.67,0.61,0.89,0.61
disgust,0.7,0.89,0.87,0.89
disgust,0.97,0.67,0.95,0.6
disgust,0.98,0.68,0.94,0.95
disgust,0.51,0.98,0.97,0.89
disgust,0.78,0.93,0.84,0.96
disgust,0.78,0.69,0.97,0.97
disgust,0.75,0.68,0.74,0.82
disgust,0.51,0.77,0.93,0.85
disgust,0.8,0.89,0.73,0.71
disgust,0.93,0.93,0.83,0.76
disgust,0.55,0.91,1.0,0.68
disgust,0.9,0.81,0.83,0.7
disgust,0.69,0.83,0.83,0.97
disgust,0.91,0.8,0.72,0.66
disgust,0.66,0.84,0.96,0.92
disgust,0.72,0.96,0.83,0.6
disgust,0.85,0.96,0.71,0.79
disgust,0.7,0.64,0.93,0.56
disgust,0.79,0.96,0.79,0.66
disgust,0.56,0.73,0.98,0.83
disgust,0.62,0.71,0.89,0.71
disgust,0.8,0.66,0.97,0.94
disgust,0.84,0.99,0.89,0.79
disgust,0.54,0.77,0.86,0.7
disgust,0.72,0.74,0.77,0.64
disgust,0.84,0.94,0.86,0.59
disgust,0.75,0.75,0.84,0.59
disgust,0.51,0.7,0.85,0.66
disgust,0.53,0.6,0.89,0.58
disgust,0.51,0.83,0.7,0.66
disgust,0.55,0.93,0.77,0.91
disgust,0.55,0.7,0.93,0.66
disgust,0.95,0.88,0.81,0.88
disgust,0.96,1.0,0.81,0.61
disgust,0.55,0.7,0.83,0.98
disgust,1.0,0.82,0.87,0.74
disgust,0.75,0.61,0.98,0.6
disgust,0.88,0.94,0.79,0.56
disgust,0.6,0.79,0.92,0.54
disgust,0.92,0.71,0.98,0.83
disgust,0.66,0.86,0.7,0.77
disgust,0.7,0.97,0.86,0.8
disgust,0.91,0.89,0.83,0.87
disgust,0.92,0.86,1.0,0.94
disgust,0.98,0.6,0.9,0.58
disgust,0.79,0.89,0.76,0.79
disgust,0.72,0.73,0.76,1.0
disgust,0.92,0.83,0.82,0.78
disgust,0.73,0.73,0.7,0.9
disgust,0.67,0.98,0.77,0.66
disgust,0.59,0.74,0.79,0.72
disgust,0.57,0.65,0.71,0.7
disgust,0.54,0.87,0.97,0.61
disgust,0.75,0.97,0.81,0.78
disgust,0.82,0.73,1.0,0.7
disgust,0.79,0.83,0.91,0.92
disgust,0.61,0.6,0.89,1.0
disgust,0.66,0.75,0.77,0.55
disgust,0.85,0.92,0.84,0.93
disgust,0.64,0.6,0.82,0.58
disgust,0.53,0.6,0.84,0.58
disgust,0.65,0.76,0.83,0.83
disgust,0.93,0.77,0.79,0.89
disgust,0.87,0.96,0.79,0.72
disgust,0.98,0.64,0.99,0.91
disgust,0.83,0.87,0.79,0.79
disgust,0.81,0.6,0.9,0.88
disgust,0.93,0.67,0.96,0.83
disgust,0.92,0.71,0.89,0.57
disgust,0.77,0.71,0.99,0.84
disgust,0.82,0.9,0.73,0.88
disgust,0.7,0.75,0.88,0.81
disgust,0.83,0.95,0.78,0.81
disgust,0.87,0.83,0.72,0.6
disgust,0.64,0.88,0.96,0.66
disgust,0.53,0.85,0.83,0.63
disgust,0.78,0.6,0.86,0.94
disgust,0.88,0.69,0.99,0.77
disgust,0.86,0.86,0.79,0.61
disgust,0.68,0.79,0.8,0.95
disgust,0.52,0.96,0.84,1.0
disgust,0.96,0.68,0.8,0.93
disgust,0.87,0.69,0.96,0.85
disgust,0.91,0.97,0.86,0.91
disgust,1.0,0.99,0.73,0.97
disgust,0.85,0.95,0.99,0.59
disgust,0.68,0.89,0.84,0.75
disgust,0.97,0.64,0.86,0.59
disgust,0.94,0.75,0.84,0.58
disgust,0.98,0.8,0.98,0.7
disgust,0.98,0.65,0.83,0.65
disgust,0.62,0.84,0.71,0.96
disgust,0.67,0.71,0.77,0.98
disgust,0.57,0.64,0.7,0.78
disgust,0.73,0.81,0.98,0.97
disgust,0.58,0.75,0.95,0.89
disgust,0.91,0.82,0.78,0.9
disgust,0.94,0.77,0.73,0.81
disgust,0.51,0.89,0.94,0.77
disgust,0.72,0.71,0.88,0.67
disgust,0.81,0.8,0.86,0.57
disgust,1.0,0.64,0.81,0.71
disgust,1.0,0.91,0.84,0.7
disgust,0.96,0.88,0.88,0.75
disgust,0.55,0.94,0.96,0.91
disgust,0.81,0.63,0.8,0.9
disgust,0.86,0.72,0.76,0.64
disgust,0.79,0.99,0.73,0.72
disgust,0.91,0.8,0.9,0.85
disgust,0.69,0.83,0.97,0.52
disgust,0.51,0.71,0.83,0.6
disgust,0.52,1.0,0.91,0.93
disgust,0.62,0.72,0.75,0.89
disgust,0.97,0.9,0.95,0.69
disgust,0.67,0.67,0.82,0.69
disgust,0.58,0.69,0.84,0.73
disgust,0.63,0.76,0.76,0.86
disgust,0.8,0.7,0.77,0.63
disgust,0.7,0.71,0.82,0.76
disgust,0.87,0.78,0.78,0.67
disgust,0.7,0.63,0.9,1.0
disgust,0.72,0.61,0.98,0.93
disgust,0.93,0.86,0.71,0.86
disgust,0.65,0.93,0.74,0.84
disgust,0.84,0.89,0.81,0.88
disgust,0.8,0.75,0.77,0.94
disgust,0.52,0.92,0.71,0.78
disgust,0.76,0.64,0.88,0.61
disgust,0.89,0.95,0.71,0.5
disgust,0.99,0.79,0.98,0.56
disgust,0.72,0.67,0.86,0.77
disgust,0.72,0.98,0.73,0.97
disgust,0.67,0.71,0.98,0.77
disgust,0.78,0.9,0.94,0.52
disgust,0.84,0.71,0.72,0.85
disgust,0.55,0.6,1.0,0.99
disgust,0.84,0.86,0.73,0.87
disgust,0.83,0.64,0.86,0.81
disgust,0.52,0.95,0.7,0.76
disgust,0.86,0.61,0.7,0.81
disgust,0.5,0.89,0.85,0.56
disgust,0.58,0.78,0.79,0.9
disgust,0.53,0.99,0.89,1.0
disgust,0.81,0.63,0.84,0.89
disgust,0.78,0.74,0.72,0.62
disgust,0.7,0.64,0.82,0.78
disgust,0.81,0.73,0.84,0.68
disgust,0.73,0.67,0.71,0.63
disgust,0.94,0.82,0.85,0.72
disgust,0.66,0.95,0.77,0.89
disgust,0.62,0.64,0.72,0.78
disgust,0.79,0.71,0.91,0.59
disgust,0.95,0.9,0.81,0.51
disgust,0.82,0.66,0.93,0.84
disgust,0.77,0.79,0.95,0.89
disgust,0.56,0.7,0.86,0.9
disgust,0.94,0.95,0.88,0.59
disgust,0.54,0.91,0.86,0.88
disgust,0.91,0.65,0.72,0.83
disgust,0.55,0.64,0.9,0.74
disgust,0.6,0.77,0.97,0.58
disgust,0.81,0.81,0.77,0.56
disgust,0.99,0.82,0.72,0.55
disgust,0.87,0.98,0.82,0.7
disgust,0.78,0.99,0.77,0.6
disgust,0.65,0.63,0.79,0.86
disgust,0.87,0.94,0.8,0.6
disgust,0.94,0.76,0.72,0.63
disgust,0.8,0.69,0.81,0.84
disgust,0.81,0.65,0.91,0.95
disgust,0.81,0.97,0.91,0.87
disgust,0.53,0.68,0.76,0.6
disgust,0.7,0.75,0.81,0.99
disgust,0.53,0.83,0.83,0.9
disgust,0.89,0.97,0.82,0.83
disgust,1.0,0.88,0.94,1.0
disgust,0.79,0.8,0.99,0.67
disgust,0.53,0.97,1.0,0.51
disgust,0.92,0.67,0.96,0.63
disgust,0.99,0.86,0.99,0.86
disgust,0.54,0.89,0.83,0.91
disgust,0.52,0.85,0.76,0.88
disgust,0.8,0.78,0.97,0.56
disgust,0.76,0.93,0.91,0.8
disgust,0.76,0.96,0.75,1.0
disgust,0.63,0.87,0.96,0.71
disgust,0.86,0.65,0.95,0.59
disgust,0.91,0.87,0.88,0.92
disgust,0.78,0.93,0.81,0.69
disgust,0.51,0.99,0.86,0.54
disgust,0.76,0.77,0.76,0.56
disgust,0.94,0.62,0.87,0.53
disgust,0.93,0.83,0.86,0.56
disgust,0.53,0.62,0.76,0.87
disgust,0.65,0.86,0.95,0.93
disgust,0.67,0.6,0.96,0.7
disgust,1.0,0.64,0.94,0.73
disgust,0.94,1.0,0.94,0.84
disgust,0.51,0.64,0.84,0.91
disgust,0.52,0.72,0.89,0.61
disgust,0.85,0.84,0.94,0.64
disgust,0.59,0.73,0.76,0.89
disgust,0.6,0.9,0.88,0.57
disgust,0.67,0.94,0.71,0.88
disgust,0.8,0.9,0.9,0.66
disgust,0.9,0.68,0.98,0.99
disgust,0.89,0.92,0.7,0.66
disgust,0.72,0.71,0.87,0.63
disgust,0.51,0.9,0.93,0.86
disgust,0.84,0.97,0.86,0.78
disgust,0.97,0.94,0.85,0.95
disgust,0.54,0.76,0.78,0.54
disgust,0.54,0.92,0.76,0.88
disgust,0.59,0.66,0.85,0.93
disgust,0.86,0.94,0.86,0.61
disgust,0.81,0.69,0.98,0.67
disgust,0.74,0.95,0.95,0.72
disgust,0.61,0.85,0.97,0.69
disgust,0.83,0.8,0.97,0.56
disgust,0.93,0.89,0.9,0.92
disgust,0.99,0.99,0.84,0.6
disgust,0.59,0.85,0.74,0.86
disgust,0.51,0.66,0.76,0.96
disgust,0.94,0.63,0.81,0.62
disgust,0.61,0.99,0.86,0.83
disgust,0.7,0.89,0.98,0.87
disgust,0.9,0.88,0.78,0.61
disgust,0.87,0.84,0.76,0.77
disgust,0.87,0.83,0.78,0.62
disgust,0.92,0.9,0.84,0.89
disgust,0.64,0.89,0.96,0.77
disgust,0.92,0.75,0.78,0.97
disgust,0.81,0.69,0.97,0.57
disgust,0.66,0.9,0.91,0.7
disgust,0.91,0.93,0.9,0.67
disgust,0.5,0.84,0.84,0.95
disgust,0.88,0.93,0.98,0.99
disgust,0.68,1.0,0.95,0.5
disgust,0.75,0.96,0.7,0.57
disgust,0.7,0.74,0.81,0.77
disgust,0.72,0.65,1.0,0.5
disgust,0.77,0.66,0.82,0.89
disgust,0.73,0.8,0.92,0.69
disgust,0.78,0.68,0.75,0.85
disgust,0.68,0.66,0.99,0.88
fear,0.76,0.69,0.94,0.97
fear,0.66,0.88,0.92,0.86
fear,0.56,0.61,0.71,0.89
fear,0.78,0.66,0.83,0.69
fear,0.52,0.79,0.78,0.62
fear,0.63,0.96,0.98,0.93
fear,0.52,0.75,0.84,0.87
fear,0.95,0.72,0.73,0.51
fear,0.67,0.9,0.92,0.5
fear,0.98,0.93,0.91,0.56
fear,0.66,0.69,0.84,0.68
fear,0.8,0.87,1.0,0.58
fear,0.86,0.7,0.97,0.87
fear,0.99,0.79,0.75,0.55
fear,0.93,0.82,0.84,0.98
fear,0.6,0.99,0.99,0.95
fear,0.57,0.69,0.81,0.55
fear,0.6,0.87,0.79,1.0
fear,0.7,0.6,0.73,0.85
fear,0.71,0.74,0.88,0.82
fear,0.65,0.66,0.92,0.58
fear,0.91,0.76,0.92,0.62
fear,0.68,0.88,0.98,0.83
fear,0.72,0.65,0.83,0.66
fear,0.89,0.6,0.85,0.83
fear,0.53,0.91,0.81,0.53
fear,0.71,0.67,0.78,0.71
fear,0.57,0.81,0.75,0.92
fear,0.94,0.66,0.92,0.57
fear,0.91,0.92,0.82,0.87
fear,1.0,0.62,0.84,0.66
fear,0.54,0.97,0.72,0.75
fear,0.59,0.64,0.9,0.61
fear,0.79,0.99,0.86,0.72
fear,0.72,0.86,0.92,0.92
fear,0.64,0.8,0.88,1.0
fear,0.84,0.72,0.9,0.86
fear,0.88,0.69,0.71,0.92
fear,0.5,0.81,0.72,0.75
fear,0.68,0.74,0.79,0.79
fear,0.82,0.69,0.74,0.59
fear,0.8,0.93,0.93,0.92
fear,0.77,0.97,0.72,0.93
fear,0.91,0.66,0.75,0.77
fear,0.56,0.85,0.95,0.99
fear,0.57,0.89,0.72,0.73
fear,0.78,0.96,0.96,1.0
fear,0.87,0.84,0.98,0.73
fear,0.8,0.73,0.7,0.8
fear,0.81,0.73,0.76,0.85
fear,0.82,0.82,0.79,0.88
fear,0.57,0.73,0.7,0.98
fear,0.64,1.0,0.99,0.94
fear,0.73,0.92,0.98,0.96
fear,0.81,0.96,0.85,0.83
fear,0.81,0.85,0.78,0.81
fear,0.95,0.6,1.0,0.81
fear,0.52,0.84,0.75,0.9
fear,0.81,0.84,0.93,0.9
fear,0.6,0.64,0.87,0.79
fear,0.59,0.62,0.95,0.6
fear,0.6,0.62,0.98,0.52
fear,0.54,0.71,0.84,1.0
fear,0.5,0.66,0.8,0.97
fear,0.79,0.84,0.98,0.57
fear,0.76,0.82,0.93,0.64
fear,0.71,0.74,0.75,0.65
fear,0.85,0.71,0.92,0.99
fear,0.83,0.9,0.78,0.65
fear,0.77,0.7,0.95,0.57
fear,0.92,0.77,0.7,0.99
fear,0.69,0.96,0.99,0.76
fear,0.67,0.83,0.77,0.77
fear,0.78,0.75,0.73,0.89
fear,0.99,0.98,0.81,0.99
fear,0.7,0.73,0.71,0.93
fear,0.87,0.84,0.81,1.0
fear,0.55,0.65,0.81,0.76
fear,0.67,0.79,0.94,0.84
fear,0.84,1.0,0.74,0.53
fear,0.75,0.65,0.78,0.54
fear,0.56,0.79,0.74,0.68
fear,0.82,0.62,0.98,0.78
fear,0.56,0.73,0.81,0.93
fear,0.5,0.87,0.77,0.74
fear,0.77,0.65,0.91,0.53
fear,0.77,0.61,0.84,0.67
fear,0.8,0.79,0.72,0.78
fear,0.82,0.65,0.96,0.59
fear,0.8,0.82,0.72,0.92
fear,0.9,0.63,0.91,0.95
fear,0.76,0.81,0.84,0.88
fear,1.0,0.86,1.0,0.88
fear,0.94,0.71,0.82,0.95
fear,0.74,0.67,0.95,0.81
fear,0.56,0.82,0.72,0.87
fear,0.83,0.95,0.93,0.65
fear,0.8,1.0,0.85,0.52
fear,0.8,0.86,0.73,0.79
fear,0.64,0.91,0.7,0.7
fear,0.85,0.61,0.73,0.98
fear,0.57,1.0,0.98,0.71
fear,0.69,0.62,0.97,0.92
fear,0.81,0.77,0.96,0.66
fear,0.63,0.73,0.87,0.64
fear,0.63,0.98,0.92,0.5
fear,0.92,0.99,0.78,0.86
fear,0.79,1.0,0.76,0.9
fear,0.85,0.81,0.73,0.51
fear,0.59,0.94,0.73,0.8
fear,0.61,0.71,0.91,0.69
fear,0.88,0.91,1.0,0.84
fear,0.67,0.77,0.76,0.71
fear,0.81,0.92,0.78,0.73
fear,0.81,0.65,1.0,0.51
fear,0.68,0.99,0.82,0.51
fear,0.53,0.61,0.73,0.66
fear,0.68,0.71,0.78,0.65
fear,0.81,0.82,0.93,0.51
fear,0.83,0.75,0.89,0.71
fear,0.97,0.75,0.97,0.57
fear,0.71,0.77,0.9,0.75
fear,0.5,0.66,0.71,0.5
fear,0.79,0.65,0.94,0.67
fear,0.82,0.78,0.9,0.7
fear,0.58,0.75,0.9,0.58
fear,0.81,0.81,0.85,0.84
fear,0.98,0.65,0.83,0.81
fear,0.73,0.96,0.95,0.74
fear,0.92,0.6,0.87,0.57
fear,0.59,0.86,0.73,0.72
fear,0.83,0.91,0.82,0.98
fear,0.66,0.95,0.8,0.81
fear,0.84,0.74,0.73,0.8
fear,0.61,0.94,0.73,0.54
fear,0.98,0.95,0.73,0.72
fear,0.8,0.64,0.76,0.69
fear,0.8,0.6,1.0,0.51
fear,0.61,0.81,0.9,0.94
fear,0.99,0.6,1.0,0.63
fear,0.9,0.91,0.79,0.62
fear,0.93,0.77,0.81,0.6
fear,0.99,0.79,0.85,0.57
fear,0.62,0.64,0.81,0.99
fear,0.67,0.71,0.83,0.64
fear,0.66,0.6,0.83,0.63
fear,0.72,0.81,0.95,0.95
fear,0.93,0.65,0.9,0.85
fear,0.59,0.71,0.73,0.53
fear,0.74,0.88,0.79,0.54
fear,0.94,0.87,0.73,0.61
fear,0.88,0.72,0.8,0.62
fear,0.52,0.82,0.78,0.82
fear,0.81,0.64,0.89,0.54
fear,0.66,0.92,0.92,0.96
fear,0.78,0.91,0.79,0.97
fear,0.52,0.75,0.85,0.92
fear,0.9,0.82,0.72,0.87
fear,0.89,0.77,0.91,0.99
fear,0.73,0.73,0.97,0.54
fear,0.93,0.78,0.76,0.83
fear,0.97,0.68,0.76,0.94
fear,0.78,0.86,0.74,0.99
fear,0.91,0.8,0.88,0.71
fear,0.56,0.73,0.9,0.71
fear,1.0,0.76,0.9,0.91
fear,0.65,0.86,0.71,0.89
fear,0.76,0.63,0.82,0.84
fear,0.52,0.99,0.83,0.88
fear,0.82,0.8,0.75,0.51
fear,0.77,0.79,0.86,0.56
fear,0.96,0.96,0.94,0.63
fear,0.9,0.91,0.95,0.71
fear,0.67,0.79,0.82,0.5
fear,0.91,0.79,0.91,0.82
fear,0.65,0.85,0.89,0.87
fear,0.96,0.85,1.0,0.52
fear,0.97,0.93,0.9,0.7
fear,0.62,0.87,1.0,0.74
fear,0.78,0.82,0.71,0.59
fear,0.92,0.76,0.79,0.91
fear,0.84,0.99,0.93,0.67
fear,0.65,0.69,0.81,0.61
fear,0.87,0.65,0.99,0.86
fear,0.76,0.62,0.92,0.53
fear,0.54,0.85,0.8,0.66
fear,0.96,0.74,0.86,0.96
fear,0.83,0.76,0.89,0.93
fear,0.54,0.88,0.84,0.65
fear,0.81,0.82,0.97,0.69
fear,0.73,0.9,0.86,1.0
fear,0.73,0.79,0.81,0.91
fear,0.79,0.96,0.92,0.76
fear,0.78,0.98,0.76,0.96
fear,0.92,0.76,0.92,0.89
fear,0.91,0.75,0.98,0.79
fear,0.56,0.89,0.79,0.82
fear,0.78,0.88,0.87,0.89
fear,0.89,0.91,0.95,0.86
fear,0.96,0.72,0.89,0.8
fear,0.98,0.79,0.9,0.64
fear,0.78,1.0,0.96,0.61
fear,0.58,0.65,0.89,0.98
fear,0.81,0.89,0.86,0.63
fear,0.5,0.85,0.92,0.67
fear,0.85,0.96,0.96,0.83
fear,0.95,0.72,0.81,0.98
fear,0.51,0.67,0.98,0.92
fear,0.87,0.85,0.98,0.83
fear,0.9,0.97,0.93,0.96
fear,0.5,0.82,0.96,0.81
fear,0.86,0.62,0.74,0.71
fear,0.91,0.79,1.0,0.66
fear,1.0,0.91,0.89,0.81
fear,0.59,0.76,0.97,0.9
fear,0.84,0.71,0.97,0.55
fear,0.53,0.82,0.74,0.91
fear,0.76,0.95,0.7,0.7
fear,0.67,0.76,0.79,0.6
fear,0.98,0.7,0.92,0.99
fear,0.64,0.75,0.94,0.85
fear,0.62,0.75,0.75,0.9
fear,0.72,0.97,0.96,0.66
fear,0.71,0.89,0.7,0.98
fear,0.69,0.82,0.81,0.58
fear,0.91,0.76,0.84,0.64
fear,0.74,0.97,0.89,0.81
fear,0.5,0.75,0.8,0.58
fear,0.54,0.81,0.98,0.76
fear,0.53,1.0,0.89,0.53
fear,0.57,0.72,0.75,0.5
fear,0.7,0.94,0.96,0.76
fear,0.79,1.0,0.79,0.58
fear,0.91,0.75,0.8,0.62
fear,0.82,0.77,0.99,0.84
fear,0.98,0.67,0.84,0.98
fear,0.78,0.87,0.99,0.53
fear,0.73,0.61,0.92,0.55
fear,0.56,0.62,0.87,0.78
fear,0.89,0.95,0.93,0.77
fear,0.52,0.92,0.96,0.7
fear,0.75,0.66,0.94,0.56
fear,0.71,0.67,1.0,0.89
fear,0.86,0.64,0.74,0.72
fear,0.88,0.76,0.94,0.9
fear,0.72,0.83,0.96,0.84
fear,0.79,0.75,0.97,0.5
fear,0.99,0.64,0.86,0.76
fear,0.92,0.98,0.82,0.69
fear,0.53,0.93,0.78,0.9
fear,0.54,0.99,0.75,0.85
fear,0.86,0.63,0.81,0.65
fear,0.99,0.63,0.98,0.6
fear,0.95,0.81,0.81,0.71
fear,0.63,0.77,0.88,0.51
fear,0.52,0.67,0.94,0.55
fear,0.8,0.94,0.93,0.6
fear,0.55,0.96,0.84,0.85
fear,0.53,0.79,0.7,0.61
fear,0.99,0.97,0.75,0.5
fear,0.5,0.93,0.93,0.8
fear,0.66,0.7,0.79,0.89
fear,0.5,0.77,0.8,0.58
fear,0.9,0.66,0.97,0.52
fear,0.97,1.0,0.91,0.59
fear,0.71,0.94,0.78,0.64
fear,0.74,0.66,0.85,0.71
fear,0.59,0.84,0.72,0.53
fear,0.93,0.77,0.71,0.88
fear,0.82,0.89,0.89,0.95
fear,1.0,0.74,0.76,0.89
fear,0.65,0.82,0.72,0.76
fear,0.56,0.66,0.99,0.79
fear,0.63,0.82,0.81,0.54
fear,0.55,0.99,0.96,0.55
fear,0.61,0.65,0.97,0.96
fear,0.8,0.82,0.7,0.83
fear,0.71,0.92,0.93,0.97
fear,0.72,0.63,0.74,0.59
fear,0.96,0.95,0.95,0.77
fear,0.69,0.6,0.77,0.96
fear,1.0,0.73,0.93,0.92
fear,0.71,0.89,0.72,0.98
fear,0.51,0.91,0.72,0.91
fear,0.82,0.97,0.94,0.75
fear,0.76,0.81,0.78,0.58
fear,0.97,0.78,0.79,0.58
fear,0.65,0.72,0.89,0.78
fear,0.76,0.95,0.96,0.81
fear,0.76,0.65,0.97,0.88
fear,0.75,0.67,0.93,0.89
fear,0.93,0.97,0.73,0.81
fear,0.56,0.84,0.99,0.55
fear,0.52,0.61,0.86,0.52
fear,0.86,0.61,0.74,0.82
fear,0.76,0.92,0.84,0.59
fear,0.59,0.8,0.96,0.81
fear,0.58,0.84,0.84,0.56
fear,0.62,0.75,0.84,0.56
fear,0.75,0.92,0.71,0.63
sadness,0.95,0.71,0.92,0.86
sadness,0.92,0.72,0.93,0.62
sadness,0.84,0.7,0.73,0.83
sadness,0.76,0.8,0.83,0.94
sadness,0.98,0.99,0.81,0.74
sadness,0.58,0.75,0.8,0.53
sadness,0.84,0.62,0.7,0.58
sadness,0.65,0.68,0.8,0.94
sadness,0.85,0.86,0.89,0.59
sadness,0.7,0.81,0.79,0.57
sadness,0.53,0.8,0.7,0.71
sadness,0.71,0.83,0.74,0.57
sadness,0.71,0.61,1.0,0.78
sadness,0.77,0.61,0.96,0.67
sadness,0.59,0.67,0.96,0.79
sadness,0.62,0.96,0.82,0.7
sadness,0.83,0.87,0.79,0.96
sadness,0.53,0.92,0.86,0.67
sadness,0.56,0.75,0.72,0.69
sadness,0.57,0.84,0.76,0.56
sadness,0.85,0.62,0.82,0.81
sadness,0.84,0.94,0.88,0.76
sadness,0.65,0.65,0.87,0.96
sadness,0.78,0.91,0.78,0.61
sadness,1.0,0.83,0.77,0.51
sadness,0.95,0.72,0.81,0.81
sadness,0.66,0.84,0.95,0.86
sadness,0.72,0.93,0.91,0.56
sadness,0.94,0.65,0.85,0.87
sadness,0.57,0.69,1.0,0.87
sadness,0.7,0.92,0.79,0.63
sadness,0.65,0.92,0.89,0.96
sadness,0.59,0.92,0.97,0.95
sadness,0.73,0.64,0.9,0.89
sadness,0.77,0.89,0.78,0.93
sadness,0.75,0.9,0.72,0.7
sadness,0.54,0.76,0.93,0.52
sadness,0.54,0.77,0.83,0.54
sadness,1.0,0.75,0.95,0.96
sadness,0.85,0.68,0.81,0.55
sadness,0.88,0.71,0.94,0.5
sadness,0.79,0.63,0.82,0.68
sadness,0.93,0.69,0.79,0.63
sadness,0.74,0.84,0.92,0.82
sadness,0.67,0.76,0.99,0.82
sadness,0.75,0.79,0.85,0.72
sadness,0.67,0.67,0.99,0.78
sadness,0.69,0.64,0.74,0.83
sadness,0.58,0.76,0.8,0.62
sadness,0.74,0.9,0.72,0.91
sadness,0.56,0.98,0.78,0.61
sadness,0.8,0.74,0.83,0.79
sadness,1.0,0.89,0.8,0.97
sadness,0.72,0.67,0.81,0.99
sadness,0.74,0.94,0.75,0.76
sadness,0.71,0.71,0.95,0.61
sadness,0.75,0.63,0.74,0.64
sadness,0.92,0.72,0.7,0.74
sadness,0.62,0.99,0.92,0.68
sadness,0.85,0.61,0.96,0.84
sadness,0.99,0.88,0.82,0.75
sadness,0.5,0.96,0.83,0.85
sadness,0.71,0.96,0.81,0.53
sadness,0.92,0.79,0.73,0.7
sadness,0.61,0.69,0.97,0.8
sadness,0.8,0.89,0.86,0.73
sadness,0.8,0.84,0.9,0.77
sadness,0.6,0.8,0.74,0.93
sadness,0.78,0.86,0.93,0.69
sadness,0.56,0.85,0.8,0.55
sadness,0.6,0.99,0.85,0.76
sadness,0.54,0.85,0.95,0.93
sadness,0.54,0.78,0.87,0.79
sadness,0.54,0.81,0.94,0.67
sadness,0.78,0.81,0.82,0.71
sadness,0.76,0.73,0.77,0.96
sadness,0.86,0.66,0.88,0.72
sadness,0.5,0.71,0.83,0.83
sadness,0.88,0.71,0.91,0.54
sadness,0.94,0.91,0.81,0.83
sadness,0.66,0.88,0.73,0.89
sadness,0.83,0.85,0.7,0.74
sadness,0.72,0.6,0.74,0.53
sadness,0.89,0.75,0.94,0.76
sadness,0.89,0.95,0.83,0.6
sadness,0.51,0.95,0.88,0.71
sadness,0.62,0.97,0.75,0.52
sadness,0.85,0.97,0.77,0.83
sadness,0.71,0.82,0.98,0.69
sadness,0.71,0.67,0.94,0.67
sadness,0.94,0.68,0.79,0.71
sadness,0.99,0.69,0.84,0.95
sadness,0.79,0.87,0.97,0.78
sadness,0.61,0.81,0.85,0.53
sadness,0.77,0.9,0.75,0.92
sadness,0.95,0.64,0.86,0.93
sadness,0.78,0.92,0.9,0.9
sadness,0.54,0.92,0.7,0.95
sadness,0.7,0.88,0.78,0.64
sadness,0.63,0.89,0.88,0.97
sadness,0.57,0.89,0.75,0.95
sadness,0.76,0.91,0.76,0.92
sadness,0.61,0.68,0.85,0.72
sadness,0.54,0.96,1.0,0.5
sadness,0.86,0.62,0.87,0.91
sadness,0.83,0.62,0.83,0.59
sadness,0.89,0.6,0.79,0.98
sadness,0.89,0.83,0.91,0.96
sadness,0.79,0.94,0.74,0.64
sadness,0.59,1.0,0.78,0.71
sadness,0.69,0.85,1.0,0.76
sadness,0.92,0.72,0.91,0.75
sadness,0.55,0.83,0.98,0.89
sadness,0.53,0.99,0.98,0.72
sadness,0.83,0.91,0.98,0.54
sadness,0.94,0.68,0.86,0.61
sadness,0.5,0.83,0.79,0.71
sadness,0.68,0.88,0.86,0.69
sadness,0.99,0.66,0.99,0.73
sadness,0.91,0.86,0.8,0.61
sadness,0.87,0.98,0.96,0.71
sadness,0.82,0.94,0.72,0.73
sadness,0.78,0.81,0.7,0.94
sadness,0.82,0.94,0.7,0.89
sadness,0.73,0.62,0.88,0.65
sadness,0.91,0.93,0.73,0.76
sadness,0.79,0.97,0.76,0.94
sadness,0.9,0.85,0.98,0.5
sadness,0.99,0.93,0.99,0.93
sadness,0.72,0.72,0.81,0.74
sadness,0.99,0.89,0.96,0.64
sadness,0.6,0.61,0.96,0.71
sadness,0.52,0.65,0.9,0.63
sadness,0.95,0.66,0.93,0.8
sadness,0.57,0.93,0.82,0.64
sadness,0.59,0.7,0.9,0.64
sadness,0.62,0.66,0.94,0.55
sadness,0.5,0.99,0.78,0.73
sadness,0.97,0.88,0.95,0.79
sadness,0.79,1.0,0.9,0.73
sadness,0.79,0.68,0.86,0.72
sadness,0.59,0.66,0.87,0.54
sadness,0.86,0.98,0.84,0.63
sadness,0.62,0.99,0.99,0.9
sadness,0.58,0.81,0.7,0.92
sadness,0.75,0.93,0.89,0.63
sadness,0.63,0.74,0.84,0.82
sadness,0.53,0.62,0.7,0.8
sadness,0.91,0.64,0.76,0.69
sadness,0.78,0.94,0.72,0.59
sadness,0.71,0.76,0.93,0.78
sadness,0.56,0.85,0.78,0.65
sadness,0.83,0.73,0.92,0.71
sadness,0.83,0.88,0.95,0.89
sadness,0.76,0.65,0.76,0.79
sadness,0.73,0.83,0.98,0.54
sadness,0.51,0.93,0.94,0.67
sadness,0.94,0.7,0.98,1.0
sadness,0.55,0.65,0.91,0.54
sadness,0.54,0.98,0.96,0.77
sadness,0.88,0.7,0.93,0.95
sadness,0.68,0.72,0.71,0.95
sadness,0.53,0.78,0.87,0.54
sadness,0.77,0.68,0.72,0.88
sadness,0.8,0.76,0.95,0.62
sadness,0.59,1.0,0.78,0.54
sadness,0.85,0.86,0.79,0.84
sadness,0.82,0.95,0.85,0.93
sadness,0.69,0.65,0.92,0.93
sadness,0.53,0.86,0.94,0.82
sadness,0.66,0.69,0.99,0.62
sadness,0.91,0.88,0.76,0.82
sadness,0.61,0.82,0.82,0.78
sadness,0.93,0.63,0.87,0.97
sadness,0.89,0.7,0.95,1.0
sadness,0.56,0.77,0.76,0.85
sadness,0.99,0.7,0.73,0.84
sadness,0.68,0.95,0.93,0.83
sadness,0.55,0.87,0.95,0.57
sadness,0.93,0.89,1.0,0.67
sadness,0.58,0.73,0.91,1.0
sadness,0.73,0.64,0.73,0.79
sadness,0.89,0.6,0.8,0.6
sadness,0.56,0.74,0.86,0.54
sadness,0.5,0.95,0.9,0.75
sadness,0.53,0.83,0.88,0.95
sadness,0.77,0.76,0.74,0.83
sadness,0.55,0.91,0.92,0.51
sadness,0.93,0.96,0.76,0.77
sadness,0.93,0.89,0.91,0.71
sadness,0.63,0.85,0.95,0.89
sadness,0.76,0.85,0.97,0.72
sadness,0.52,0.94,0.83,0.92
sadness,0.51,0.87,0.7,0.7
sadness,0.7,0.64,0.95,1.0
sadness,0.68,0.82,0.88,0.8
sadness,0.82,0.94,1.0,0.8
sadness,0.9,0.77,0.95,0.81
sadness,0.84,0.97,0.84,0.6
sadness,0.95,0.62,0.88,0.82
sadness,0.73,0.8,0.82,0.55
sadness,0.95,0.67,1.0,0.98
sadness,0.57,0.96,0.77,0.68
sadness,0.91,0.71,0.85,0.6
sadness,0.86,0.87,0.81,0.52
sadness,0.94,0.8,0.94,0.91
sadness,0.69,0.96,0.97,0.81
sadness,0.66,0.62,0.77,0.8
sadness,0.55,0.84,0.88,0.54
sadness,0.6,0.72,0.73,0.9
sadness,0.74,0.75,0.8,0.83
sadness,0.87,0.9,0.76,0.57
sadness,0.8,0.65,0.95,0.7
sadness,0.5,0.72,0.9,0.76
sadness,0.75,0.85,0.89,0.54
sadness,0.78,0.87,0.83,0.67
sadness,0.99,0.87,0.9,0.55
sadness,0.5,0.67,0.83,0.8
sadness,0.92,0.95,0.74,0.88
sadness,0.62,0.88,0.89,0.94
sadness,0.7,0.64,0.88,0.5
sadness,0.86,0.67,0.76,0.66
sadness,0.75,0.86,0.96,0.64
sadness,0.64,0.99,0.95,0.58
sadness,0.96,0.6,0.73,0.96
sadness,0.61,0.78,0.87,0.64
sadness,0.83,0.88,0.79,0.59
sadness,0.52,0.87,0.95,0.9
sadness,0.87,0.8,1.0,0.58
sadness,0.79,0.81,0.77,0.8
sadness,0.98,0.88,0.82,0.83
sadness,0.59,0.9,0.97,0.98
sadness,0.65,0.92,0.82,0.71
sadness,0.51,0.66,0.88,0.74
sadness,0.68,0.98,0.94,0.91
sadness,0.64,0.93,0.96,0.85
sadness,0.54,0.71,0.94,0.66
sadness,0.78,0.78,0.98,0.84
sadness,0.62,0.76,0.81,0.74
sadness,0.59,0.83,0.84,0.55
sadness,0.59,0.71,0.94,0.86
sadness,0.69,0.96,0.93,1.0
sadness,0.67,0.91,0.98,0.51
sadness,0.84,0.81,0.74,0.98
sadness,0.96,0.66,0.9,0.76
sadness,0.66,0.83,1.0,0.59
sadness,0.77,0.73,0.94,0.92
sadness,0.83,0.89,0.91,0.83
sadness,0.75,0.85,0.88,0.74
sadness,0.62,0.72,0.97,0.95
sadness,0.62,0.62,0.84,0.86
sadness,0.66,0.85,0.95,0.56
sadness,0.5,0.67,0.98,0.66
sadness,0.53,0.93,0.7,0.58
sadness,0.77,1.0,0.73,0.99
sadness,0.92,0.81,0.82,0.51
sadness,0.53,1.0,0.89,0.58
sadness,0.5,0.69,0.99,0.82
sadness,0.9,0.77,0.85,0.87
sadness,0.7,0.81,0.94,0.64
sadness,0.82,0.84,0.99,0.55
sadness,0.54,0.89,0.72,0.71
sadness,0.83,1.0,0.98,0.97
sadness,0.71,0.86,0.89,0.74
sadness,0.83,0.7,0.71,0.62
sadness,1.0,0.65,0.94,0.7
sadness,0.51,0.67,0.84,0.64
sadness,0.83,0.72,0.76,0.51
sadness,0.84,0.99,0.73,0.59
sadness,0.56,0.83,0.74,0.6
sadness,0.57,0.9,0.79,0.92
sadness,0.51,0.99,0.8,0.84
sadness,0.52,0.96,0.93,0.53
sadness,0.6,0.71,0.89,0.58
sadness,0.68,0.95,0.75,0.75
sadness,0.51,1.0,0.88,0.54
sadness,0.86,0.88,0.72,0.95
sadness,0.77,0.96,0.99,0.93
sadness,0.68,0.67,1.0,0.86
sadness,0.67,0.94,0.71,0.5
sadness,0.51,0.89,0.91,0.56
sadness,0.78,0.86,0.83,0.8
sadness,0.82,0.69,0.99,0.88
sadness,0.71,0.8,0.96,0.7
sadness,0.61,0.67,0.92,0.65
sadness,0.9,0.92,0.99,0.65
sadness,0.77,0.73,0.8,0.83
sadness,0.82,0.67,0.74,0.99
sadness,0.67,0.82,0.94,0.92
sadness,0.68,0.66,0.83,0.74
sadness,0.65,0.68,0.92,0.76
sadness,0.82,0.98,0.8,0.52
sadness,0.68,0.96,0.95,0.59
sadness,0.75,0.94,0.73,0.97
sadness,0.99,0.84,0.93,0.7
sadness,0.99,0.64,0.89,0.54
sadness,0.71,0.79,0.78,0.77
sadness,0.8,0.84,0.86,0.51
sadness,0.58,0.81,0.78,0.68
sadness,0.52,0.63,0.78,0.77
